Year,Age ,Sex,People ,
1990,0,1,67417778,
1991,0,1,67456536,
1992,0,1,64815978,
1993,0,1,62637143,
1994,0,1,60117633,
1995,0,1,55440265,
1996,0,1,53989806,
1997,0,1,52545669,
1998,0,1,51021011,
1999,0,1,49138232,
2000,0,1,47059675,
2001,0,1,45164849,
2002,0,1,43613910,
2003,0,1,42285665,
2004,0,1,41305413,
2005,0,1,40776351,
2006,0,1,40550099,
2007,0,1,40705696,
2008,0,1,41336288,
2009,0,1,42108016,
2010,0,1,42772118,
2011,0,1,43362024,
2012,0,1,44123689,
2013,0,1,44372755,
2014,0,1,44224229,
2015,0,1,43669420,
2016,0,1,43408099,
2017,0,1,43530187,
2018,0,1,43119707,
2019,0,1,42348353,
2020,0,1,41207975,
2021,0,1,39854242,
2022,0,1,38184484,
2023,0,1,36864209,
2024,0,1,36252739,
2025,0,1,36317407,
2026,0,1,36025105,
2027,0,1,35193250,
2028,0,1,34570023,
2029,0,1,33730242,
2030,0,1,32828424,
2031,0,1,32129709,
2032,0,1,31495129,
2033,0,1,30942568,
2034,0,1,30472666,
2035,0,1,30098639,
2036,0,1,29806771,
2037,0,1,29583403,
2038,0,1,29423135,
2039,0,1,29309853,
2040,0,1,29233919,
2041,0,1,29182085,
2042,0,1,29140700,
2043,0,1,29097326,
2044,0,1,29046368,
2045,0,1,28991358,
2046,0,1,28924317,
2047,0,1,28820663,
2048,0,1,28671685,
2049,0,1,28488063,
2050,0,1,28283570,
2051,0,1,28055368,
2052,0,1,27781287,
2053,0,1,27460808,
2054,0,1,27109044,
2055,0,1,26737775,
2056,0,1,26362593,
2057,0,1,25992803,
2058,0,1,25631828,
2059,0,1,25279478,
2060,0,1,24930743,
2061,0,1,24589728,
2062,0,1,24271211,
2063,0,1,23980837,
2064,0,1,23714023,
2065,0,1,23465827,
2066,0,1,23234413,
2067,0,1,23025097,
2068,0,1,22838589,
2069,0,1,22671224,
2070,0,1,22520984,
2071,0,1,22384297,
2072,0,1,22258400,
2073,0,1,22139648,
2074,0,1,22023397,
2075,0,1,21905953,
2076,0,1,21784085,
2077,0,1,21655670,
2078,0,1,21518872,
2079,0,1,21372168,
2080,0,1,21214587,
2081,0,1,21045346,
2082,0,1,20864678,
2083,0,1,20673884,
2084,0,1,20474458,
2085,0,1,20267516,
2086,0,1,20054067,
2087,0,1,19835981,
2088,0,1,19616000,
2089,0,1,19396672,
2090,0,1,19179894,
2091,0,1,18967013,
2092,0,1,18759345,
2093,0,1,18558306,
2094,0,1,18365035,
2095,0,1,18180303,
2096,0,1,18004491,
2097,0,1,17837483,
2098,0,1,17678781,
2099,0,1,17527711,
2100,0,1,17383597,
1990,5,1,53732061,
1991,5,1,55666587,
1992,5,1,56685503,
1993,5,1,59036131,
1994,5,1,61958764,
1995,5,1,66869650,
1996,5,1,66948158,
1997,5,1,64348117,
1998,5,1,62200070,
1999,5,1,59706384,
2000,5,1,55057255,
2001,5,1,53624826,
2002,5,1,52201793,
2003,5,1,50701603,
2004,5,1,48848212,
2005,5,1,46803093,
2006,5,1,44940512,
2007,5,1,43416624,
2008,5,1,42111103,
2009,5,1,41149533,
2010,5,1,40635731,
2011,5,1,40422378,
2012,5,1,40588352,
2013,5,1,41227074,
2014,5,1,42005827,
2015,5,1,42676213,
2016,5,1,43271688,
2017,5,1,44038106,
2018,5,1,44292374,
2019,5,1,44149168,
2020,5,1,43599776,
2021,5,1,43342770,
2022,5,1,43467744,
2023,5,1,43060210,
2024,5,1,42291684,
2025,5,1,41153752,
2026,5,1,39801980,
2027,5,1,38134927,
2028,5,1,36817432,
2029,5,1,36207709,
2030,5,1,36273480,
2031,5,1,35982638,
2032,5,1,35152601,
2033,5,1,34530936,
2034,5,1,33692798,
2035,5,1,32792563,
2036,5,1,32095195,
2037,5,1,31461843,
2038,5,1,30910389,
2039,5,1,30441487,
2040,5,1,30068351,
2041,5,1,29777281,
2042,5,1,29554627,
2043,5,1,29395000,
2044,5,1,29282307,
2045,5,1,29206926,
2046,5,1,29155617,
2047,5,1,29114729,
2048,5,1,29071842,
2049,5,1,29021369,
2050,5,1,28966835,
2051,5,1,28900271,
2052,5,1,28797108,
2053,5,1,28648638,
2054,5,1,28465527,
2055,5,1,28261545,
2056,5,1,28033857,
2057,5,1,27760307,
2058,5,1,27440369,
2059,5,1,27089148,
2060,5,1,26718409,
2061,5,1,26343741,
2062,5,1,25974446,
2063,5,1,25613952,
2064,5,1,25262061,
2065,5,1,24913768,
2066,5,1,24573173,
2067,5,1,24255053,
2068,5,1,23965051,
2069,5,1,23698589,
2070,5,1,23450722,
2071,5,1,23219621,
2072,5,1,23010597,
2073,5,1,22824365,
2074,5,1,22657258,
2075,5,1,22507263,
2076,5,1,22370807,
2077,5,1,22245133,
2078,5,1,22126594,
2079,5,1,22010548,
2080,5,1,21893307,
2081,5,1,21771638,
2082,5,1,21643419,
2083,5,1,21506815,
2084,5,1,21360305,
2085,5,1,21202916,
2086,5,1,21033863,
2087,5,1,20853385,
2088,5,1,20662778,
2089,5,1,20463540,
2090,5,1,20256779,
2091,5,1,20043511,
2092,5,1,19825603,
2093,5,1,19605793,
2094,5,1,19386633,
2095,5,1,19170017,
2096,5,1,18957292,
2097,5,1,18749773,
2098,5,1,18548876,
2099,5,1,18355745,
2100,5,1,18171145,
1990,10,1,50183593,
1991,10,1,49237757,
1992,10,1,51880845,
1993,10,1,52734457,
1994,10,1,53123796,
1995,10,1,53571556,
1996,10,1,55505558,
1997,10,1,56525132,
1998,10,1,58874737,
1999,10,1,61795254,
2000,10,1,66698939,
2001,10,1,66783513,
2002,10,1,64194576,
2003,10,1,62056299,
2004,10,1,59572821,
2005,10,1,54937681,
2006,10,1,53512920,
2007,10,1,52097151,
2008,10,1,50603925,
2009,10,1,48757663,
2010,10,1,46719548,
2011,10,1,44863237,
2012,10,1,43344674,
2013,10,1,42043794,
2014,10,1,41086054,
2015,10,1,40575198,
2016,10,1,40364292,
2017,10,1,40532236,
2018,10,1,41172314,
2019,10,1,41952149,
2020,10,1,42623714,
2021,10,1,43220275,
2022,10,1,43986977,
2023,10,1,44241755,
2024,10,1,44099688,
2025,10,1,43551696,
2026,10,1,43295639,
2027,10,1,43421745,
2028,10,1,43016065,
2029,10,1,42249463,
2030,10,1,41113584,
2031,10,1,39764004,
2032,10,1,38099394,
2033,10,1,36783890,
2034,10,1,36175461,
2035,10,1,36241883,
2036,10,1,35951924,
2037,10,1,35123175,
2038,10,1,34502588,
2039,10,1,33665654,
2040,10,1,32766632,
2041,10,1,32070284,
2042,10,1,31437873,
2043,10,1,30887275,
2044,10,1,30419147,
2045,10,1,30046695,
2046,10,1,29756237,
2047,10,1,29534134,
2048,10,1,29375005,
2049,10,1,29262767,
2050,10,1,29187808,
2051,10,1,29136893,
2052,10,1,29096384,
2053,10,1,29053865,
2054,10,1,29003755,
2055,10,1,28949575,
2056,10,1,28883359,
2057,10,1,28780553,
2058,10,1,28632449,
2059,10,1,28449709,
2060,10,1,28246095,
2061,10,1,28018776,
2062,10,1,27745603,
2063,10,1,27426044,
2064,10,1,27075210,
2065,10,1,26704848,
2066,10,1,26330546,
2067,10,1,25961606,
2068,10,1,25601451,
2069,10,1,25249884,
2070,10,1,24901903,
2071,10,1,24561607,
2072,10,1,24243769,
2073,10,1,23954031,
2074,10,1,23687816,
2075,10,1,23440183,
2076,10,1,23209303,
2077,10,1,23000484,
2078,10,1,22814446,
2079,10,1,22647526,
2080,10,1,22497701,
2081,10,1,22361408,
2082,10,1,22235887,
2083,10,1,22117496,
2084,10,1,22001594,
2085,10,1,21884492,
2086,10,1,21762961,
2087,10,1,21634877,
2088,10,1,21498406,
2089,10,1,21352028,
2090,10,1,21194768,
2091,10,1,21025845,
2092,10,1,20845493,
2093,10,1,20655015,
2094,10,1,20455902,
2095,10,1,20249262,
2096,10,1,20036116,
2097,10,1,19818328,
2098,10,1,19598635,
2099,10,1,19379586,
2100,10,1,19163079,
1990,15,1,62354152,
1991,15,1,59065216,
1992,15,1,56157256,
1993,15,1,53228758,
1994,15,1,51122271,
1995,15,1,49925119,
1996,15,1,48982964,
1997,15,1,51619113,
1998,15,1,52467716,
1999,15,1,52851331,
2000,15,1,53291441,
2001,15,1,55215582,
2002,15,1,56238158,
2003,15,1,58586649,
2004,15,1,61506238,
2005,15,1,66405445,
2006,15,1,66496000,
2007,15,1,63922368,
2008,15,1,61797621,
2009,15,1,59329274,
2010,15,1,54716790,
2011,15,1,53303363,
2012,15,1,51897955,
2013,15,1,50414810,
2014,15,1,48579247,
2015,15,1,46551853,
2016,15,1,44704963,
2017,15,1,43194204,
2018,15,1,41900180,
2019,15,1,40948386,
2020,15,1,40452708,
2021,15,1,40261923,
2022,15,1,40435710,
2023,15,1,41071246,
2024,15,1,41845750,
2025,15,1,42511334,
2026,15,1,43105191,
2027,15,1,43872919,
2028,15,1,44129780,
2029,15,1,43990012,
2030,15,1,43444614,
2031,15,1,43190761,
2032,15,1,43318888,
2033,15,1,42915455,
2034,15,1,42151155,
2035,15,1,41017579,
2036,15,1,39670755,
2037,15,1,38009831,
2038,15,1,36697286,
2039,15,1,36090841,
2040,15,1,36158161,
2041,15,1,35869367,
2042,15,1,35042469,
2043,15,1,34423379,
2044,15,1,33588179,
2045,15,1,32690912,
2046,15,1,31996019,
2047,15,1,31364963,
2048,15,1,30815605,
2049,15,1,30348603,
2050,15,1,29977141,
2051,15,1,29687564,
2052,15,1,29466257,
2053,15,1,29307853,
2054,15,1,29196279,
2055,15,1,29121928,
2056,15,1,29071575,
2057,15,1,29031604,
2058,15,1,28989614,
2059,15,1,28940021,
2060,15,1,28886341,
2061,15,1,28820613,
2062,15,1,28718300,
2063,15,1,28570706,
2064,15,1,28388476,
2065,15,1,28185375,
2066,15,1,27958564,
2067,15,1,27685901,
2068,15,1,27366861,
2069,15,1,27016545,
2070,15,1,26646701,
2071,15,1,26272905,
2072,15,1,25904447,
2073,15,1,25544752,
2074,15,1,25193621,
2075,15,1,24846064,
2076,15,1,24506179,
2077,15,1,24188726,
2078,15,1,23899344,
2079,15,1,23633462,
2080,15,1,23386147,
2081,15,1,23155566,
2082,15,1,22947031,
2083,15,1,22761257,
2084,15,1,22594581,
2085,15,1,22444990,
2086,15,1,22308916,
2087,15,1,22183603,
2088,15,1,22065412,
2089,15,1,21949702,
2090,15,1,21832785,
2091,15,1,21711437,
2092,15,1,21583531,
2093,15,1,21447236,
2094,15,1,21301030,
2095,15,1,21143944,
2096,15,1,20975189,
2097,15,1,20795007,
2098,15,1,20604694,
2099,15,1,20405746,
2100,15,1,20199266,
1990,20,1,65745940,
1991,20,1,66341543,
1992,20,1,67101848,
1993,20,1,66682770,
1994,20,1,64413081,
1995,20,1,61830834,
1996,20,1,58559987,
1997,20,1,55666756,
1998,20,1,52750993,
1999,20,1,50649366,
2000,20,1,49448547,
2001,20,1,48501348,
2002,20,1,51119979,
2003,20,1,51963386,
2004,20,1,52350303,
2005,20,1,52799655,
2006,20,1,54729704,
2007,20,1,55765307,
2008,20,1,58118984,
2009,20,1,61041043,
2010,20,1,65935216,
2011,20,1,66038480,
2012,20,1,63490167,
2013,20,1,61388791,
2014,20,1,58945497,
2015,20,1,54366770,
2016,20,1,52971114,
2017,20,1,51580171,
2018,20,1,50109370,
2019,20,1,48285644,
2020,20,1,46283780,
2021,20,1,44473695,
2022,20,1,42984673,
2023,20,1,41699853,
2024,20,1,40756415,
2025,20,1,40257186,
2026,20,1,40052933,
2027,20,1,40222310,
2028,20,1,40860628,
2029,20,1,41636984,
2030,20,1,42304411,
2031,20,1,42900049,
2032,20,1,43669131,
2033,20,1,43928414,
2034,20,1,43791712,
2035,20,1,43249950,
2036,20,1,42999118,
2037,20,1,43129897,
2038,20,1,42729727,
2039,20,1,41968974,
2040,20,1,40839154,
2041,20,1,39496655,
2042,20,1,37841151,
2043,20,1,36532999,
2044,20,1,35929496,
2045,20,1,35998246,
2046,20,1,35711314,
2047,20,1,34887230,
2048,20,1,34270450,
2049,20,1,33437878,
2050,20,1,32543258,
2051,20,1,31850571,
2052,20,1,31221559,
2053,20,1,30674069,
2054,20,1,30208760,
2055,20,1,29838794,
2056,20,1,29550543,
2057,20,1,29330439,
2058,20,1,29173126,
2059,20,1,29062551,
2060,20,1,28989119,
2061,20,1,28939616,
2062,20,1,28900458,
2063,20,1,28859265,
2064,20,1,28810453,
2065,20,1,28757525,
2066,20,1,28692536,
2067,20,1,28590970,
2068,20,1,28444141,
2069,20,1,28262684,
2070,20,1,28060349,
2071,20,1,27834299,
2072,20,1,27562409,
2073,20,1,27244146,
2074,20,1,26894610,
2075,20,1,26525535,
2076,20,1,26152492,
2077,20,1,25784754,
2078,20,1,25425747,
2079,20,1,25075268,
2080,20,1,24728342,
2081,20,1,24389065,
2082,20,1,24072182,
2083,20,1,23783332,
2084,20,1,23517949,
2085,20,1,23271103,
2086,20,1,23040967,
2087,20,1,22832851,
2088,20,1,22647464,
2089,20,1,22481155,
2090,20,1,22331908,
2091,20,1,22196158,
2092,20,1,22071157,
2093,20,1,21953260,
2094,20,1,21837834,
2095,20,1,21721192,
2096,20,1,21600115,
2097,20,1,21472471,
2098,20,1,21336439,
2099,20,1,21190490,
2100,20,1,21033658,
1990,25,1,53870163,
1991,25,1,60885077,
1992,25,1,64509250,
1993,25,1,63271829,
1994,25,1,64328763,
1995,25,1,65151553,
1996,25,1,65743868,
1997,25,1,66499722,
1998,25,1,66082226,
1999,25,1,63822345,
2000,25,1,61248091,
2001,25,1,57987921,
2002,25,1,55104563,
2003,25,1,52202254,
2004,25,1,50115147,
2005,25,1,48929939,
2006,25,1,48000125,
2007,25,1,50617689,
2008,25,1,51468891,
2009,25,1,51865945,
2010,25,1,52324933,
2011,25,1,54257360,
2012,25,1,55301867,
2013,25,1,57657910,
2014,25,1,60580600,
2015,25,1,65468107,
2016,25,1,65585744,
2017,25,1,63062461,
2018,25,1,60981663,
2019,25,1,58558190,
2020,25,1,54016853,
2021,25,1,52653804,
2022,25,1,51286520,
2023,25,1,49831355,
2024,25,1,48026460,
2025,25,1,46031208,
2026,25,1,44212248,
2027,25,1,42724019,
2028,25,1,41450253,
2029,25,1,40515440,
2030,25,1,40022647,
2031,25,1,39823522,
2032,25,1,39996539,
2033,25,1,40636860,
2034,25,1,41414659,
2035,25,1,42083703,
2036,25,1,42681060,
2037,25,1,43451416,
2038,25,1,43713300,
2039,25,1,43580117,
2040,25,1,43042723,
2041,25,1,42795429,
2042,25,1,42928841,
2043,25,1,42532352,
2044,25,1,41775869,
2045,25,1,40650866,
2046,25,1,39313475,
2047,25,1,37663602,
2048,25,1,36360118,
2049,25,1,35759730,
2050,25,1,35830187,
2051,25,1,35545537,
2052,25,1,34724612,
2053,25,1,34110498,
2054,25,1,33280854,
2055,25,1,32389142,
2056,25,1,31698924,
2057,25,1,31072181,
2058,25,1,30526751,
2059,25,1,30063302,
2060,25,1,29694984,
2061,25,1,29408210,
2062,25,1,29189440,
2063,25,1,29033328,
2064,25,1,28923852,
2065,25,1,28851438,
2066,25,1,28802887,
2067,25,1,28764640,
2068,25,1,28724332,
2069,25,1,28676383,
2070,25,1,28624296,
2071,25,1,28560132,
2072,25,1,28459403,
2073,25,1,28313426,
2074,25,1,28132829,
2075,25,1,27931347,
2076,25,1,27706142,
2077,25,1,27435109,
2078,25,1,27117712,
2079,25,1,26769043,
2080,25,1,26400818,
2081,25,1,26028599,
2082,25,1,25661652,
2083,25,1,25303398,
2084,25,1,24953641,
2085,25,1,24607409,
2086,25,1,24268794,
2087,25,1,23952533,
2088,25,1,23664266,
2089,25,1,23399426,
2090,25,1,23153095,
2091,25,1,22923444,
2092,25,1,22715782,
2093,25,1,22530820,
2094,25,1,22364909,
2095,25,1,22216038,
2096,25,1,22080641,
2097,25,1,21955980,
2098,25,1,21838403,
2099,25,1,21723287,
2100,25,1,21606948,
1990,30,1,43889574,
1991,30,1,40564817,
1992,30,1,39134338,
1993,30,1,43038672,
1994,30,1,48390780,
1995,30,1,53369024,
1996,30,1,60326260,
1997,30,1,63918048,
1998,30,1,62690393,
1999,30,1,63739202,
2000,30,1,64552450,
2001,30,1,65136361,
2002,30,1,65880950,
2003,30,1,65463426,
2004,30,1,63221528,
2005,30,1,60670912,
2006,30,1,57441843,
2007,30,1,54586405,
2008,30,1,51712561,
2009,30,1,49649012,
2010,30,1,48480858,
2011,30,1,47566602,
2012,30,1,50181056,
2013,30,1,51038620,
2014,30,1,51445680,
2015,30,1,51914878,
2016,30,1,53848368,
2017,30,1,54900837,
2018,30,1,57253051,
2019,30,1,60166915,
2020,30,1,65039486,
2021,30,1,65171124,
2022,30,1,62674475,
2023,30,1,60615123,
2024,30,1,58218634,
2025,30,1,53708271,
2026,30,1,52345746,
2027,30,1,50986237,
2028,30,1,49547220,
2029,30,1,47758258,
2030,30,1,45778601,
2031,30,1,43973598,
2032,30,1,42497051,
2033,30,1,41233445,
2034,30,1,40306979,
2035,30,1,39820522,
2036,30,1,39626371,
2037,30,1,39802946,
2038,30,1,40445283,
2039,30,1,41224602,
2040,30,1,41895433,
2041,30,1,42494665,
2042,30,1,43266482,
2043,30,1,43531195,
2044,30,1,43401749,
2045,30,1,42868901,
2046,30,1,42625369,
2047,30,1,42761844,
2048,30,1,42369299,
2049,30,1,41617218,
2050,30,1,40497010,
2051,30,1,39164862,
2052,30,1,37521110,
2053,30,1,36222644,
2054,30,1,35625631,
2055,30,1,35697871,
2056,30,1,35415538,
2057,30,1,34597912,
2058,30,1,33986547,
2059,30,1,33159957,
2060,30,1,32271293,
2061,30,1,31583636,
2062,30,1,30959255,
2063,30,1,30415974,
2064,30,1,29954468,
2065,30,1,29587872,
2066,30,1,29302634,
2067,30,1,29085246,
2068,30,1,28930386,
2069,30,1,28822059,
2070,30,1,28750701,
2071,30,1,28703137,
2072,30,1,28665827,
2073,30,1,28626435,
2074,30,1,28579377,
2075,30,1,28528154,
2076,30,1,28464835,
2077,30,1,28364960,
2078,30,1,28219856,
2079,30,1,28040136,
2080,30,1,27839522,
2081,30,1,27615176,
2082,30,1,27345012,
2083,30,1,27028493,
2084,30,1,26680697,
2085,30,1,26313335,
2086,30,1,25941954,
2087,30,1,25575809,
2088,30,1,25218315,
2089,30,1,24869286,
2090,30,1,24523754,
2091,30,1,24185810,
2092,30,1,23870179,
2093,30,1,23582497,
2094,30,1,23318210,
2095,30,1,23072395,
2096,30,1,22843237,
2097,30,1,22636029,
2098,30,1,22451495,
2099,30,1,22285986,
2100,30,1,22137492,
1990,35,1,44681679,
1991,35,1,46208476,
1992,35,1,46934790,
1993,35,1,47970878,
1994,35,1,45974021,
1995,35,1,43384432,
1996,35,1,40086433,
1997,35,1,38669122,
1998,35,1,42541630,
1999,35,1,47837028,
2000,35,1,52756602,
2001,35,1,59630153,
2002,35,1,63175663,
2003,35,1,61967808,
2004,35,1,63018318,
2005,35,1,63836439,
2006,35,1,64429014,
2007,35,1,65176719,
2008,35,1,64774425,
2009,35,1,62566241,
2010,35,1,60050383,
2011,35,1,56862594,
2012,35,1,54044810,
2013,35,1,51209679,
2014,35,1,49178978,
2015,35,1,48036543,
2016,35,1,47143559,
2017,35,1,49750884,
2018,35,1,50608135,
2019,35,1,51014851,
2020,35,1,51484430,
2021,35,1,53411363,
2022,35,1,54467205,
2023,35,1,56808616,
2024,35,1,59712175,
2025,35,1,64561121,
2026,35,1,64696661,
2027,35,1,62229736,
2028,35,1,60199493,
2029,35,1,57831981,
2030,35,1,53363798,
2031,35,1,52020298,
2032,35,1,50677925,
2033,35,1,49255232,
2034,35,1,47483522,
2035,35,1,45521184,
2036,35,1,43731738,
2037,35,1,42268414,
2038,35,1,41016531,
2039,35,1,40099873,
2040,35,1,39621037,
2041,35,1,39432945,
2042,35,1,39613877,
2043,35,1,40258731,
2044,35,1,41039949,
2045,35,1,41712973,
2046,35,1,42314460,
2047,35,1,43088065,
2048,35,1,43356185,
2049,35,1,43231193,
2050,35,1,42703722,
2051,35,1,42464678,
2052,35,1,42604931,
2053,35,1,42217103,
2054,35,1,41470205,
2055,35,1,40355548,
2056,35,1,39029566,
2057,35,1,37393196,
2058,35,1,36100757,
2059,35,1,35507808,
2060,35,1,35582142,
2061,35,1,35302512,
2062,35,1,34488792,
2063,35,1,33880664,
2064,35,1,33057690,
2065,35,1,32172641,
2066,35,1,31488010,
2067,35,1,30866429,
2068,35,1,30325694,
2069,35,1,29866490,
2070,35,1,29501930,
2071,35,1,29218503,
2072,35,1,29002752,
2073,35,1,28849373,
2074,35,1,28742405,
2075,35,1,28672290,
2076,35,1,28625881,
2077,35,1,28589676,
2078,35,1,28551356,
2079,35,1,28505347,
2080,35,1,28455138,
2081,35,1,28392807,
2082,35,1,28293930,
2083,35,1,28149846,
2084,35,1,27971154,
2085,35,1,27771556,
2086,35,1,27548216,
2087,35,1,27279066,
2088,35,1,26963575,
2089,35,1,26616801,
2090,35,1,26250452,
2091,35,1,25880055,
2092,35,1,25514849,
2093,35,1,25158251,
2094,35,1,24810071,
2095,35,1,24465361,
2096,35,1,24128204,
2097,35,1,23813316,
2098,35,1,23526322,
2099,35,1,23262680,
2100,35,1,23017471,
1990,40,1,33386447,
1991,40,1,35043715,
1992,40,1,37368981,
1993,40,1,39624603,
1994,40,1,42140985,
1995,40,1,44026299,
1996,40,1,45518095,
1997,40,1,46223030,
1998,40,1,47233324,
1999,40,1,45249390,
2000,40,1,42685371,
2001,40,1,39422267,
2002,40,1,38026649,
2003,40,1,41862518,
2004,40,1,47091378,
2005,40,1,51950850,
2006,40,1,58731471,
2007,40,1,62231627,
2008,40,1,61062704,
2009,40,1,62121469,
2010,40,1,62947337,
2011,40,1,63552503,
2012,40,1,64307180,
2013,40,1,63930012,
2014,40,1,61772907,
2015,40,1,59309477,
2016,40,1,56179069,
2017,40,1,53406997,
2018,40,1,50613464,
2019,40,1,48612152,
2020,40,1,47486304,
2021,40,1,46606738,
2022,40,1,49193079,
2023,40,1,50044917,
2024,40,1,50458764,
2025,40,1,50936590,
2026,40,1,52856914,
2027,40,1,53929826,
2028,40,1,56273376,
2029,40,1,59170905,
2030,40,1,63998181,
2031,40,1,64146850,
2032,40,1,61715608,
2033,40,1,59715143,
2034,40,1,57379676,
2035,40,1,52961054,
2036,40,1,51638811,
2037,40,1,50315976,
2038,40,1,48912395,
2039,40,1,47161489,
2040,40,1,45220486,
2041,40,1,43450358,
2042,40,1,42003428,
2043,40,1,40766092,
2044,40,1,39861601,
2045,40,1,39392202,
2046,40,1,39211582,
2047,40,1,39397847,
2048,40,1,40045731,
2049,40,1,40829183,
2050,40,1,41504799,
2051,40,1,42108929,
2052,40,1,42884611,
2053,40,1,43156855,
2054,40,1,43037308,
2055,40,1,42516438,
2056,40,1,42282914,
2057,40,1,42427899,
2058,40,1,42045927,
2059,40,1,41305419,
2060,40,1,40197565,
2061,40,1,38879260,
2062,40,1,37252302,
2063,40,1,35967509,
2064,40,1,35379690,
2065,40,1,35456572,
2066,40,1,35180254,
2067,40,1,34371441,
2068,40,1,33767353,
2069,40,1,32948938,
2070,40,1,32068462,
2071,40,1,31387650,
2072,40,1,30769597,
2073,40,1,30232077,
2074,40,1,29775780,
2075,40,1,29413787,
2076,40,1,29132637,
2077,40,1,28918939,
2078,40,1,28767418,
2079,40,1,28662151,
2080,40,1,28593589,
2081,40,1,28548620,
2082,40,1,28513793,
2083,40,1,28476815,
2084,40,1,28432116,
2085,40,1,28383172,
2086,40,1,28322079,
2087,40,1,28224454,
2088,40,1,28081654,
2089,40,1,27904256,
2090,40,1,27705946,
2091,40,1,27483881,
2092,40,1,27216025,
2093,40,1,26901839,
2094,40,1,26556374,
2095,40,1,26191322,
2096,40,1,25822192,
2097,40,1,25458195,
2098,40,1,25102748,
2099,40,1,24755664,
2100,40,1,24412015,
1990,45,1,25892513,
1991,45,1,26437617,
1992,45,1,27485214,
1993,45,1,28864776,
1994,45,1,30285792,
1995,45,1,32693846,
1996,45,1,34311219,
1997,45,1,36585961,
1998,45,1,38789746,
1999,45,1,41247845,
2000,45,1,43090232,
2001,45,1,44540142,
2002,45,1,45225741,
2003,45,1,46214527,
2004,45,1,44270556,
2005,45,1,41767583,
2006,45,1,38576489,
2007,45,1,37225231,
2008,45,1,41019238,
2009,45,1,46162737,
2010,45,1,50938028,
2011,45,1,57589198,
2012,45,1,61026925,
2013,45,1,59909804,
2014,45,1,60983099,
2015,45,1,61826449,
2016,45,1,62456006,
2017,45,1,63225841,
2018,45,1,62883500,
2019,45,1,60789624,
2020,45,1,58383304,
2021,45,1,55312506,
2022,45,1,52588309,
2023,45,1,49844961,
2024,45,1,47889645,
2025,45,1,46799873,
2026,45,1,45953043,
2027,45,1,48533723,
2028,45,1,49400808,
2029,45,1,49831728,
2030,45,1,50323721,
2031,45,1,52241606,
2032,45,1,53328723,
2033,45,1,55666858,
2034,45,1,58552099,
2035,45,1,63348981,
2036,45,1,63509744,
2037,45,1,61117612,
2038,45,1,59150372,
2039,45,1,56851345,
2040,45,1,52490047,
2041,45,1,51192363,
2042,45,1,49892299,
2043,45,1,48511088,
2044,45,1,46784643,
2045,45,1,44868796,
2046,45,1,43121473,
2047,45,1,41693892,
2048,45,1,40473702,
2049,45,1,39583489,
2050,45,1,39125032,
2051,45,1,38952984,
2052,45,1,39145201,
2053,45,1,39796175,
2054,45,1,40581754,
2055,45,1,41259981,
2056,45,1,41866837,
2057,45,1,42644513,
2058,45,1,42921379,
2059,45,1,42808184,
2060,45,1,42295201,
2061,45,1,42068190,
2062,45,1,42218637,
2063,45,1,41843668,
2064,45,1,41110939,
2065,45,1,40011476,
2066,45,1,38702715,
2067,45,1,37087562,
2068,45,1,35812345,
2069,45,1,35230856,
2070,45,1,35310715,
2071,45,1,35038401,
2072,45,1,34235734,
2073,45,1,33636672,
2074,45,1,32824004,
2075,45,1,31949332,
2076,45,1,31273341,
2077,45,1,30659749,
2078,45,1,30126295,
2079,45,1,29673668,
2080,45,1,29314907,
2081,45,1,29036613,
2082,45,1,28825480,
2083,45,1,28676278,
2084,45,1,28573123,
2085,45,1,28506487,
2086,45,1,28463296,
2087,45,1,28430168,
2088,45,1,28394854,
2089,45,1,28351789,
2090,45,1,28304423,
2091,45,1,28244876,
2092,45,1,28148826,
2093,45,1,28007661,
2094,45,1,27831922,
2095,45,1,27635270,
2096,45,1,27414858,
2097,45,1,27148687,
2098,45,1,26836216,
2099,45,1,26492476,
2100,45,1,26129148,
1990,50,1,24149339,
1991,50,1,24240820,
1992,50,1,24341181,
1993,50,1,24245379,
1994,50,1,24598491,
1995,50,1,25053170,
1996,50,1,25584132,
1997,50,1,26602794,
1998,50,1,27939559,
1999,50,1,29316003,
2000,50,1,31652589,
2001,50,1,33218064,
2002,50,1,35432972,
2003,50,1,37581061,
2004,50,1,39980530,
2005,50,1,41794087,
2006,50,1,43215403,
2007,50,1,43903062,
2008,50,1,44886922,
2009,50,1,43012706,
2010,50,1,40600226,
2011,50,1,37508503,
2012,50,1,36219146,
2013,50,1,39961638,
2014,50,1,45002203,
2015,50,1,49682074,
2016,50,1,56183361,
2017,50,1,59549567,
2018,50,1,58493752,
2019,50,1,59578013,
2020,50,1,60431631,
2021,50,1,61073255,
2022,50,1,61836133,
2023,50,1,61515286,
2024,50,1,59493370,
2025,50,1,57167034,
2026,50,1,54195085,
2027,50,1,51563120,
2028,50,1,48910611,
2029,50,1,47025756,
2030,50,1,45985255,
2031,50,1,45179151,
2032,50,1,47749628,
2033,50,1,48624026,
2034,50,1,49067583,
2035,50,1,49569901,
2036,50,1,51478011,
2037,50,1,52582071,
2038,50,1,54909458,
2039,50,1,57775003,
2040,50,1,62530207,
2041,50,1,62700893,
2042,50,1,60355539,
2043,50,1,58427771,
2044,50,1,56173726,
2045,50,1,51887422,
2046,50,1,50620110,
2047,50,1,49347858,
2048,50,1,47994097,
2049,50,1,46298252,
2050,50,1,44414318,
2051,50,1,42696006,
2052,50,1,41292953,
2053,50,1,40094553,
2054,50,1,39222477,
2055,50,1,38777838,
2056,50,1,38616442,
2057,50,1,38815819,
2058,50,1,39470146,
2059,50,1,40257722,
2060,50,1,40938551,
2061,50,1,41548070,
2062,50,1,42327520,
2063,50,1,42609765,
2064,50,1,42504302,
2065,50,1,42001136,
2066,50,1,41782238,
2067,50,1,41939739,
2068,50,1,41573738,
2069,50,1,40850909,
2070,50,1,39762053,
2071,50,1,38465816,
2072,50,1,36866892,
2073,50,1,35604728,
2074,50,1,35031734,
2075,50,1,35115210,
2076,50,1,34847942,
2077,50,1,34053510,
2078,50,1,33461092,
2079,50,1,32656189,
2080,50,1,31789428,
2081,50,1,31119956,
2082,50,1,30512409,
2083,50,1,29984459,
2084,50,1,29536810,
2085,50,1,29182406,
2086,50,1,28907935,
2087,50,1,28700234,
2088,50,1,28554119,
2089,50,1,28453767,
2090,50,1,28389671,
2091,50,1,28348814,
2092,50,1,28317919,
2093,50,1,28284798,
2094,50,1,28243896,
2095,50,1,28198625,
2096,50,1,28141129,
2097,50,1,28047193,
2098,50,1,27908238,
2099,50,1,27734766,
2100,50,1,27540391,
1990,55,1,21877803,
1991,55,1,22345871,
1992,55,1,22774933,
1993,55,1,22918016,
1994,55,1,22816162,
1995,55,1,22900476,
1996,55,1,22995154,
1997,55,1,23097607,
1998,55,1,23012776,
1999,55,1,23353719,
2000,55,1,23792549,
2001,55,1,24307875,
2002,55,1,25294382,
2003,55,1,26585834,
2004,55,1,27922226,
2005,55,1,30187935,
2006,55,1,31714245,
2007,55,1,33872019,
2008,55,1,35964748,
2009,55,1,38300961,
2010,55,1,40087107,
2011,55,1,41479891,
2012,55,1,42176318,
2013,55,1,43157530,
2014,55,1,41374074,
2015,55,1,39078680,
2016,55,1,36113598,
2017,55,1,34908471,
2018,55,1,38596796,
2019,55,1,43502083,
2020,55,1,48041244,
2021,55,1,54311280,
2022,55,1,57542897,
2023,55,1,56548090,
2024,55,1,57640733,
2025,55,1,58515502,
2026,55,1,59196363,
2027,55,1,59990529,
2028,55,1,59736965,
2029,55,1,57827481,
2030,55,1,55610410,
2031,55,1,52762334,
2032,55,1,50236881,
2033,55,1,47688550,
2034,55,1,45886922,
2035,55,1,44903942,
2036,55,1,44144963,
2037,55,1,46695595,
2038,55,1,47574966,
2039,55,1,48031897,
2040,55,1,48545554,
2041,55,1,50438064,
2042,55,1,51562841,
2043,55,1,53873111,
2044,55,1,56709166,
2045,55,1,61404432,
2046,55,1,61586275,
2047,55,1,59303192,
2048,55,1,57427871,
2049,55,1,55234191,
2050,55,1,51050376,
2051,55,1,49823629,
2052,55,1,48588543,
2053,55,1,47271613,
2054,55,1,45617220,
2055,55,1,43776781,
2056,55,1,42098067,
2057,55,1,40728436,
2058,55,1,39559727,
2059,55,1,38712280,
2060,55,1,38286218,
2061,55,1,38138953,
2062,55,1,38347516,
2063,55,1,39005607,
2064,55,1,39795010,
2065,55,1,40478545,
2066,55,1,41090857,
2067,55,1,41871845,
2068,55,1,42160876,
2069,55,1,42065657,
2070,55,1,41575826,
2071,55,1,41367843,
2072,55,1,41534808,
2073,55,1,41181091,
2074,55,1,40471954,
2075,55,1,39397868,
2076,55,1,38119353,
2077,55,1,36543803,
2078,55,1,35300371,
2079,55,1,34739396,
2080,55,1,34827622,
2081,55,1,34567258,
2082,55,1,33784569,
2083,55,1,33201555,
2084,55,1,32407795,
2085,55,1,31552458,
2086,55,1,30892346,
2087,55,1,30293486,
2088,55,1,29773448,
2089,55,1,29332943,
2090,55,1,28984762,
2091,55,1,28715731,
2092,55,1,28512891,
2093,55,1,28371136,
2094,55,1,28274726,
2095,55,1,28214183,
2096,55,1,28176576,
2097,55,1,28148787,
2098,55,1,28118736,
2099,55,1,28080864,
2100,55,1,28038534,
1990,60,1,17505698,
1991,60,1,18076753,
1992,60,1,18601829,
1993,60,1,19135701,
1994,60,1,19815900,
1995,60,1,20075234,
1996,60,1,20530576,
1997,60,1,20948216,
1998,60,1,21108410,
1999,60,1,21039192,
2000,60,1,21141623,
2001,60,1,21254826,
2002,60,1,21372260,
2003,60,1,21314891,
2004,60,1,21653428,
2005,60,1,22088470,
2006,60,1,22599756,
2007,60,1,23553095,
2008,60,1,24786595,
2009,60,1,26063817,
2010,60,1,28220750,
2011,60,1,29677330,
2012,60,1,31746812,
2013,60,1,33755429,
2014,60,1,35997471,
2015,60,1,37739147,
2016,60,1,39083189,
2017,60,1,39787327,
2018,60,1,40763737,
2019,60,1,39107280,
2020,60,1,36971801,
2021,60,1,34170734,
2022,60,1,33063709,
2023,60,1,36658372,
2024,60,1,41370609,
2025,60,1,45732362,
2026,60,1,51727515,
2027,60,1,54848252,
2028,60,1,54001337,
2029,60,1,55137993,
2030,60,1,56049900,
2031,60,1,56775752,
2032,60,1,57588445,
2033,60,1,57397485,
2034,60,1,55619267,
2035,60,1,53533417,
2036,60,1,50838425,
2037,60,1,48446565,
2038,60,1,46031912,
2039,60,1,44338164,
2040,60,1,43430002,
2041,60,1,42732545,
2042,60,1,45253279,
2043,60,1,46136530,
2044,60,1,46608934,
2045,60,1,47135364,
2046,60,1,49003568,
2047,60,1,50154054,
2048,60,1,52437720,
2049,60,1,55229940,
2050,60,1,59838853,
2051,60,1,60033360,
2052,60,1,57834354,
2053,60,1,56029759,
2054,60,1,53918119,
2055,60,1,49875550,
2056,60,1,48703641,
2057,60,1,47518877,
2058,60,1,46252015,
2059,60,1,44654400,
2060,60,1,42873839,
2061,60,1,41249679,
2062,60,1,39926036,
2063,60,1,38798152,
2064,60,1,37984435,
2065,60,1,37583557,
2066,60,1,37455210,
2067,60,1,37675655,
2068,60,1,38337852,
2069,60,1,39128613,
2070,60,1,39814812,
2071,60,1,40429977,
2072,60,1,41211980,
2073,60,1,41509673,
2074,60,1,41428221,
2075,60,1,40956773,
2076,60,1,40763655,
2077,60,1,40943220,
2078,60,1,40606432,
2079,60,1,39916483,
2080,60,1,38863407,
2081,60,1,37610200,
2082,60,1,36068093,
2083,60,1,34851427,
2084,60,1,34307383,
2085,60,1,34401946,
2086,60,1,34151205,
2087,60,1,33385307,
2088,60,1,32815686,
2089,60,1,32037931,
2090,60,1,31199061,
2091,60,1,30552401,
2092,60,1,29966022,
2093,60,1,29457337,
2094,60,1,29027059,
2095,60,1,28687764,
2096,60,1,28426472,
2097,60,1,28230522,
2098,60,1,28094912,
2099,60,1,28004041,
2100,60,1,27948468,
1990,65,1,12934985,
1991,65,1,13286262,
1992,65,1,13638273,
1993,65,1,14343919,
1994,65,1,14679521,
1995,65,1,15208368,
1996,65,1,15746549,
1997,65,1,16243537,
1998,65,1,16763087,
1999,65,1,17403235,
2000,65,1,17676315,
2001,65,1,18119698,
2002,65,1,18525769,
2003,65,1,18709790,
2004,65,1,18683338,
2005,65,1,18806616,
2006,65,1,18942840,
2007,65,1,19081937,
2008,65,1,19063200,
2009,65,1,19397958,
2010,65,1,19822563,
2011,65,1,20320414,
2012,65,1,21223454,
2013,65,1,22377842,
2014,65,1,23579211,
2015,65,1,25597920,
2016,65,1,26972484,
2017,65,1,28926018,
2018,65,1,30822352,
2019,65,1,32937292,
2020,65,1,34605585,
2021,65,1,35861518,
2022,65,1,36534314,
2023,65,1,37464195,
2024,65,1,35964131,
2025,65,1,34056182,
2026,65,1,31517605,
2027,65,1,30599052,
2028,65,1,34119412,
2029,65,1,38607038,
2030,65,1,42745092,
2031,65,1,48373236,
2032,65,1,51316022,
2033,65,1,50624355,
2034,65,1,51791060,
2035,65,1,52727474,
2036,65,1,53489642,
2037,65,1,54306454,
2038,65,1,54183798,
2039,65,1,52572568,
2040,65,1,50657540,
2041,65,1,48166246,
2042,65,1,45952174,
2043,65,1,43716832,
2044,65,1,42167734,
2045,65,1,41358540,
2046,65,1,40741656,
2047,65,1,43215758,
2048,65,1,44097937,
2049,65,1,44585675,
2050,65,1,45123697,
2051,65,1,46950966,
2052,65,1,48135220,
2053,65,1,50374969,
2054,65,1,53097523,
2055,65,1,57575418,
2056,65,1,57778833,
2057,65,1,55694479,
2058,65,1,53985837,
2059,65,1,51988441,
2060,65,1,48150396,
2061,65,1,47054481,
2062,65,1,45939019,
2063,65,1,44741500,
2064,65,1,43223903,
2065,65,1,41528715,
2066,65,1,39982526,
2067,65,1,38724392,
2068,65,1,37654748,
2069,65,1,36889020,
2070,65,1,36523595,
2071,65,1,36421318,
2072,65,1,36657270,
2073,65,1,37323313,
2074,65,1,38113606,
2075,65,1,38801186,
2076,65,1,39417780,
2077,65,1,40198644,
2078,65,1,40506960,
2079,65,1,40443938,
2080,65,1,39997939,
2081,65,1,39825336,
2082,65,1,40023071,
2083,65,1,39710477,
2084,65,1,39047748,
2085,65,1,38024153,
2086,65,1,36808155,
2087,65,1,35317952,
2088,65,1,34142434,
2089,65,1,33624010,
2090,65,1,33726780,
2091,65,1,33489290,
2092,65,1,32748616,
2093,65,1,32198733,
2094,65,1,31445243,
2095,65,1,30631597,
2096,65,1,30005309,
2097,65,1,29437881,
2098,65,1,28946453,
2099,65,1,28531715,
2100,65,1,28205821,
1990,70,1,8355504,
1991,70,1,8680976,
1992,70,1,9024348,
1993,70,1,9312012,
1994,70,1,9817714,
1995,70,1,10233226,
1996,70,1,10549385,
1997,70,1,10867644,
1998,70,1,11474832,
1999,70,1,11784429,
2000,70,1,12264253,
2001,70,1,12737705,
2002,70,1,13179201,
2003,70,1,13663168,
2004,70,1,14235994,
2005,70,1,14513896,
2006,70,1,14929363,
2007,70,1,15311007,
2008,70,1,15520771,
2009,70,1,15549030,
2010,70,1,15702343,
2011,70,1,15874997,
2012,70,1,16050347,
2013,70,1,16091770,
2014,70,1,16432716,
2015,70,1,16856890,
2016,70,1,17346364,
2017,70,1,18183491,
2018,70,1,19224079,
2019,70,1,20305994,
2020,70,1,22109038,
2021,70,1,23318956,
2022,70,1,25047149,
2023,70,1,26720918,
2024,70,1,28611331,
2025,70,1,30166327,
2026,70,1,31327721,
2027,70,1,32032419,
2028,70,1,32973235,
2029,70,1,31713876,
2030,70,1,30115404,
2031,70,1,27907889,
2032,70,1,27214785,
2033,70,1,30612503,
2034,70,1,34756598,
2035,70,1,38543451,
2036,70,1,43604260,
2037,70,1,46246601,
2038,70,1,45751703,
2039,70,1,46941223,
2040,70,1,47893060,
2041,70,1,48690332,
2042,70,1,49490530,
2043,70,1,49447697,
2044,70,1,48065507,
2045,70,1,46385909,
2046,70,1,44182349,
2047,70,1,42219203,
2048,70,1,40240379,
2049,70,1,38898859,
2050,70,1,38229144,
2051,70,1,37723866,
2052,70,1,40121196,
2053,70,1,40989581,
2054,70,1,41488454,
2055,70,1,42032124,
2056,70,1,43785300,
2057,70,1,45017458,
2058,70,1,47178984,
2059,70,1,49781483,
2060,70,1,54043961,
2061,70,1,54244498,
2062,70,1,52326913,
2063,70,1,50757131,
2064,70,1,48930477,
2065,70,1,45411478,
2066,70,1,44428238,
2067,70,1,43414868,
2068,70,1,42320264,
2069,70,1,40923859,
2070,70,1,39359648,
2071,70,1,37933355,
2072,70,1,36775573,
2073,70,1,35795194,
2074,70,1,35102691,
2075,70,1,34790539,
2076,70,1,34726351,
2077,70,1,34983223,
2078,70,1,35651172,
2079,70,1,36436130,
2080,70,1,37121307,
2081,70,1,37735391,
2082,70,1,38509722,
2083,70,1,38831135,
2084,70,1,38794298,
2085,70,1,38386311,
2086,70,1,38243989,
2087,70,1,38469014,
2088,70,1,38193416,
2089,70,1,37572599,
2090,70,1,36594600,
2091,70,1,35438271,
2092,70,1,34034276,
2093,70,1,32926600,
2094,70,1,32449552,
2095,70,1,32563503,
2096,70,1,32345861,
2097,70,1,31646169,
2098,70,1,31127878,
2099,70,1,30414154,
2100,70,1,29642209,
1990,75,1,4695104,
1991,75,1,4885381,
1992,75,1,5081390,
1993,75,1,5254923,
1994,75,1,5341042,
1995,75,1,5648873,
1996,75,1,5914003,
1997,75,1,6191837,
1998,75,1,6425851,
1999,75,1,6820031,
2000,75,1,7164108,
2001,75,1,7425764,
2002,75,1,7689632,
2003,75,1,8165347,
2004,75,1,8428369,
2005,75,1,8830520,
2006,75,1,9216150,
2007,75,1,9577938,
2008,75,1,9992588,
2009,75,1,10462228,
2010,75,1,10719755,
2011,75,1,11080719,
2012,75,1,11418135,
2013,75,1,11643335,
2014,75,1,11727571,
2015,75,1,11909391,
2016,75,1,12114000,
2017,75,1,12315517,
2018,75,1,12406776,
2019,75,1,12724492,
2020,75,1,13100409,
2021,75,1,13517889,
2022,75,1,14203634,
2023,75,1,15044243,
2024,75,1,15945037,
2025,75,1,17462921,
2026,75,1,18503039,
2027,75,1,20012569,
2028,75,1,21476924,
2029,75,1,23112762,
2030,75,1,24509178,
2031,75,1,25527072,
2032,75,1,26208769,
2033,75,1,27092165,
2034,75,1,26108008,
2035,75,1,24874570,
2036,75,1,23081623,
2037,75,1,22643498,
2038,75,1,25785129,
2039,75,1,29412247,
2040,75,1,32688916,
2041,75,1,36966767,
2042,75,1,39197126,
2043,75,1,38936657,
2044,75,1,40117488,
2045,75,1,41059351,
2046,75,1,41873867,
2047,75,1,42633209,
2048,75,1,42683601,
2049,75,1,41602094,
2050,75,1,40238709,
2051,75,1,38426064,
2052,75,1,36805500,
2053,75,1,35176941,
2054,75,1,34113693,
2055,75,1,33626197,
2056,75,1,33266198,
2057,75,1,35521513,
2058,75,1,36354242,
2059,75,1,36855798,
2060,75,1,37395156,
2061,75,1,39023463,
2062,75,1,40294032,
2063,75,1,42317720,
2064,75,1,44722015,
2065,75,1,48638252,
2066,75,1,48828668,
2067,75,1,47154011,
2068,75,1,45786695,
2069,75,1,44208912,
2070,75,1,41158354,
2071,75,1,40335956,
2072,75,1,39470056,
2073,75,1,38525547,
2074,75,1,37308069,
2075,75,1,35938494,
2076,75,1,34690540,
2077,75,1,33681673,
2078,75,1,32833352,
2079,75,1,32247948,
2080,75,1,32011462,
2081,75,1,31999395,
2082,75,1,32281303,
2083,75,1,32943692,
2084,75,1,33711793,
2085,75,1,34385241,
2086,75,1,34988160,
2087,75,1,35744355,
2088,75,1,36079826,
2089,75,1,36079067,
2090,75,1,35727508,
2091,75,1,35628568,
2092,75,1,35890072,
2093,75,1,35668893,
2094,75,1,35112398,
2095,75,1,34206937,
2096,75,1,33145808,
2097,75,1,31878787,
2098,75,1,30878678,
2099,75,1,30465419,
2100,75,1,30593847,
1990,80,1,1996834,
1991,80,1,2049731,
1992,80,1,2125305,
1993,80,1,2214763,
1994,80,1,2375546,
1995,80,1,2480664,
1996,80,1,2608464,
1997,80,1,2740821,
1998,80,1,2861906,
1999,80,1,2941571,
2000,80,1,3152978,
2001,80,1,3333863,
2002,80,1,3518685,
2003,80,1,3669621,
2004,80,1,3917780,
2005,80,1,4145336,
2006,80,1,4312381,
2007,80,1,4483139,
2008,80,1,4786071,
2009,80,1,4960626,
2010,80,1,5234342,
2011,80,1,5489599,
2012,80,1,5743768,
2013,80,1,6066633,
2014,80,1,6420271,
2015,80,1,6655268,
2016,80,1,6949923,
2017,80,1,7215556,
2018,80,1,7414475,
2019,80,1,7508458,
2020,80,1,7658636,
2021,80,1,7823665,
2022,80,1,7976658,
2023,80,1,8061119,
2024,80,1,8315919,
2025,80,1,8633934,
2026,80,1,9002238,
2027,80,1,9575683,
2028,80,1,10246376,
2029,80,1,10955799,
2030,80,1,12123289,
2031,80,1,12920635,
2032,80,1,14092409,
2033,80,1,15218440,
2034,80,1,16472792,
2035,80,1,17597987,
2036,80,1,18372372,
2037,80,1,18958363,
2038,80,1,19708417,
2039,80,1,19021497,
2040,80,1,18205052,
2041,80,1,16908352,
2042,80,1,16755420,
2043,80,1,19500235,
2044,80,1,22400139,
2045,80,1,24958037,
2046,80,1,28168252,
2047,80,1,29817596,
2048,80,1,29811158,
2049,80,1,30922837,
2050,80,1,31796376,
2051,80,1,32578981,
2052,80,1,33235162,
2053,80,1,33366173,
2054,80,1,32650062,
2055,80,1,31680108,
2056,80,1,30368734,
2057,80,1,29188740,
2058,80,1,28015531,
2059,80,1,27309398,
2060,80,1,27046361,
2061,80,1,26861101,
2062,80,1,28877913,
2063,80,1,29625695,
2064,80,1,30098887,
2065,80,1,30601491,
2066,80,1,32018071,
2067,80,1,33308575,
2068,80,1,35093645,
2069,80,1,37169408,
2070,80,1,40534944,
2071,80,1,40676166,
2072,80,1,39333774,
2073,80,1,38243004,
2074,80,1,37015095,
2075,80,1,34648268,
2076,80,1,34045899,
2077,80,1,33382080,
2078,80,1,32646184,
2079,80,1,31684070,
2080,80,1,30596455,
2081,80,1,29607381,
2082,80,1,28813541,
2083,80,1,28155551,
2084,80,1,27722637,
2085,80,1,27590035,
2086,80,1,27645192,
2087,80,1,27951729,
2088,80,1,28590098,
2089,80,1,29315935,
2090,80,1,29955228,
2091,80,1,30524991,
2092,80,1,31237016,
2093,80,1,31580618,
2094,80,1,31624257,
2095,80,1,31351108,
2096,80,1,31310333,
2097,80,1,31619380,
2098,80,1,31475053,
2099,80,1,31012356,
2100,80,1,30215449,
1990,85,1,606057,
1991,85,1,627505,
1992,85,1,641886,
1993,85,1,664892,
1994,85,1,695294,
1995,85,1,738937,
1996,85,1,770516,
1997,85,1,811071,
1998,85,1,858850,
1999,85,1,939489,
2000,85,1,995307,
2001,85,1,1061417,
2002,85,1,1131815,
2003,85,1,1198366,
2004,85,1,1250108,
2005,85,1,1361537,
2006,85,1,1457673,
2007,85,1,1556747,
2008,85,1,1639896,
2009,85,1,1771191,
2010,85,1,1898188,
2011,85,1,1991915,
2012,85,1,2086186,
2013,85,1,2246158,
2014,85,1,2348876,
2015,85,1,2511455,
2016,85,1,2666692,
2017,85,1,2821140,
2018,85,1,3016655,
2019,85,1,3219327,
2020,85,1,3355614,
2021,85,1,3514428,
2022,85,1,3653435,
2023,85,1,3768548,
2024,85,1,3839898,
2025,85,1,3954471,
2026,85,1,4093188,
2027,85,1,4236264,
2028,85,1,4344036,
2029,85,1,4539731,
2030,85,1,4772267,
2031,85,1,5038081,
2032,85,1,5426305,
2033,85,1,5865740,
2034,85,1,6331663,
2035,85,1,7085111,
2036,85,1,7601994,
2037,85,1,8371149,
2038,85,1,9109964,
2039,85,1,9935455,
2040,85,1,10711626,
2041,85,1,11230969,
2042,85,1,11669780,
2043,85,1,12223727,
2044,85,1,11834145,
2045,85,1,11396805,
2046,85,1,10611485,
2047,85,1,10645884,
2048,85,1,12692674,
2049,85,1,14702596,
2050,85,1,16442542,
2051,85,1,18548205,
2052,85,1,19629239,
2053,85,1,19785342,
2054,85,1,20697876,
2055,85,1,21412968,
2056,85,1,22074114,
2057,85,1,22591053,
2058,85,1,22772918,
2059,85,1,22403408,
2060,85,1,21834282,
2061,85,1,21038086,
2062,85,1,20316876,
2063,85,1,19610045,
2064,85,1,19243796,
2065,85,1,19175777,
2066,85,1,19142808,
2067,85,1,20759731,
2068,85,1,21368448,
2069,85,1,21776617,
2070,85,1,22207026,
2071,85,1,23324871,
2072,85,1,24494955,
2073,85,1,25918093,
2074,85,1,27537017,
2075,85,1,30146946,
2076,85,1,30247694,
2077,85,1,29308313,
2078,85,1,28554296,
2079,85,1,27733940,
2080,85,1,26143468,
2081,85,1,25782116,
2082,85,1,25351076,
2083,85,1,24860425,
2084,85,1,24202241,
2085,85,1,23451386,
2086,85,1,22771131,
2087,85,1,22232614,
2088,85,1,21797628,
2089,85,1,21536813,
2090,85,1,21510072,
2091,85,1,21624250,
2092,85,1,21933000,
2093,85,1,22505361,
2094,85,1,23142514,
2095,85,1,23707119,
2096,85,1,24208658,
2097,85,1,24832967,
2098,85,1,25163385,
2099,85,1,25248691,
2100,85,1,25071095,
1990,90,1,94520,
1991,90,1,103669,
1992,90,1,112794,
1993,90,1,121002,
1994,90,1,129654,
1995,90,1,137653,
1996,90,1,146150,
1997,90,1,152787,
1998,90,1,162081,
1999,90,1,173688,
2000,90,1,189397,
2001,90,1,201869,
2002,90,1,217895,
2003,90,1,237317,
2004,90,1,268620,
2005,90,1,292952,
2006,90,1,321629,
2007,90,1,352890,
2008,90,1,384001,
2009,90,1,412193,
2010,90,1,463478,
2011,90,1,508538,
2012,90,1,553221,
2013,90,1,589365,
2014,90,1,643193,
2015,90,1,695099,
2016,90,1,730847,
2017,90,1,767952,
2018,90,1,832214,
2019,90,1,874265,
2020,90,1,942458,
2021,90,1,1002849,
2022,90,1,1061357,
2023,90,1,1142354,
2024,90,1,1228479,
2025,90,1,1294769,
2026,90,1,1375407,
2027,90,1,1453039,
2028,90,1,1526798,
2029,90,1,1578167,
2030,90,1,1648264,
2031,90,1,1732393,
2032,90,1,1818128,
2033,90,1,1887421,
2034,90,1,1996981,
2035,90,1,2125796,
2036,90,1,2272868,
2037,90,1,2481385,
2038,90,1,2711123,
2039,90,1,2956711,
2040,90,1,3354202,
2041,90,1,3623374,
2042,90,1,4036495,
2043,90,1,4430966,
2044,90,1,4874292,
2045,90,1,5312813,
2046,90,1,5589978,
2047,90,1,5854168,
2048,90,1,6187901,
2049,90,1,6000047,
2050,90,1,5818148,
2051,90,1,5423235,
2052,90,1,5536821,
2053,90,1,6838813,
2054,90,1,7998180,
2055,90,1,8968694,
2056,90,1,10088765,
2057,90,1,10651425,
2058,90,1,10849629,
2059,90,1,11477512,
2060,90,1,11960393,
2061,90,1,12419478,
2062,90,1,12747364,
2063,90,1,12907445,
2064,90,1,12779227,
2065,90,1,12516823,
2066,90,1,12134673,
2067,90,1,11785219,
2068,90,1,11456244,
2069,90,1,11342248,
2070,90,1,11392745,
2071,90,1,11445961,
2072,90,1,12568270,
2073,90,1,12980610,
2074,90,1,13270074,
2075,90,1,13576648,
2076,90,1,14331582,
2077,90,1,15257054,
2078,90,1,16226740,
2079,90,1,17300295,
2080,90,1,19034919,
2081,90,1,19063280,
2082,90,1,18503741,
2083,90,1,18065984,
2084,90,1,17627434,
2085,90,1,16783787,
2086,90,1,16627696,
2087,90,1,16404301,
2088,90,1,16139796,
2089,90,1,15773488,
2090,90,1,15351985,
2091,90,1,14973466,
2092,90,1,14681204,
2093,90,1,14457670,
2094,90,1,14351147,
2095,90,1,14402731,
2096,90,1,14543231,
2097,90,1,14813074,
2098,90,1,15265247,
2099,90,1,15756526,
2100,90,1,16193236,
1990,95,1,14549,
1991,95,1,12353,
1992,95,1,11123,
1993,95,1,10727,
1994,95,1,10445,
1995,95,1,11751,
1996,95,1,13393,
1997,95,1,14985,
1998,95,1,16455,
1999,95,1,18026,
2000,95,1,19657,
2001,95,1,21520,
2002,95,1,23223,
2003,95,1,25590,
2004,95,1,28593,
2005,95,1,32681,
2006,95,1,36389,
2007,95,1,41019,
2008,95,1,46663,
2009,95,1,55378,
2010,95,1,62760,
2011,95,1,71300,
2012,95,1,80336,
2013,95,1,89072,
2014,95,1,96919,
2015,95,1,110375,
2016,95,1,121587,
2017,95,1,132788,
2018,95,1,141688,
2019,95,1,155707,
2020,95,1,169605,
2021,95,1,178412,
2022,95,1,187637,
2023,95,1,204764,
2024,95,1,217042,
2025,95,1,238460,
2026,95,1,258023,
2027,95,1,278547,
2028,95,1,307675,
2029,95,1,337104,
2030,95,1,361075,
2031,95,1,389868,
2032,95,1,417965,
2033,95,1,446353,
2034,95,1,467352,
2035,95,1,494916,
2036,95,1,528267,
2037,95,1,562362,
2038,95,1,591191,
2039,95,1,634231,
2040,95,1,685051,
2041,95,1,743388,
2042,95,1,824681,
2043,95,1,912215,
2044,95,1,1006734,
2045,95,1,1161310,
2046,95,1,1263390,
2047,95,1,1427269,
2048,95,1,1582445,
2049,95,1,1758593,
2050,95,1,1941492,
2051,95,1,2049278,
2052,95,1,2166052,
2053,95,1,2315066,
2054,95,1,2244800,
2055,95,1,2193962,
2056,95,1,2045228,
2057,95,1,2138588,
2058,95,1,2766701,
2059,95,1,3267650,
2060,95,1,3668709,
2061,95,1,4109704,
2062,95,1,4323153,
2063,95,1,4462155,
2064,95,1,4788039,
2065,95,1,5031466,
2066,95,1,5268831,
2067,95,1,5423044,
2068,95,1,5519639,
2069,95,1,5506402,
2070,95,1,5424013,
2071,95,1,5296905,
2072,95,1,5179509,
2073,95,1,5079724,
2074,95,1,5086733,
2075,95,1,5160987,
2076,95,1,5225012,
2077,95,1,5836170,
2078,95,1,6046045,
2079,95,1,6199796,
2080,95,1,6366567,
2081,95,1,6766965,
2082,95,1,7337655,
2083,95,1,7849494,
2084,95,1,8400476,
2085,95,1,9303999,
2086,95,1,9278968,
2087,95,1,9018397,
2088,95,1,8826364,
2089,95,1,8665701,
2090,95,1,8361913,
2091,95,1,8330641,
2092,95,1,8250318,
2093,95,1,8149246,
2094,95,1,8002805,
2095,95,1,7832811,
2096,95,1,7683244,
2097,95,1,7573871,
2098,95,1,7501173,
2099,95,1,7491261,
2100,95,1,7566325,
1990,100,1,1555,
1991,100,1,1537,
1992,100,1,1429,
1993,100,1,1191,
1994,100,1,1027,
1995,100,1,940,
1996,100,1,841,
1997,100,1,797,
1998,100,1,794,
1999,100,1,797,
2000,100,1,937,
2001,100,1,1099,
2002,100,1,1263,
2003,100,1,1432,
2004,100,1,1625,
2005,100,1,1862,
2006,100,1,2153,
2007,100,1,2441,
2008,100,1,2829,
2009,100,1,3321,
2010,100,1,3988,
2011,100,1,4628,
2012,100,1,5398,
2013,100,1,6315,
2014,100,1,7680,
2015,100,1,8769,
2016,100,1,9993,
2017,100,1,11315,
2018,100,1,12611,
2019,100,1,13855,
2020,100,1,15979,
2021,100,1,17670,
2022,100,1,19344,
2023,100,1,20664,
2024,100,1,23001,
2025,100,1,25600,
2026,100,1,27418,
2027,100,1,29567,
2028,100,1,33217,
2029,100,1,36041,
2030,100,1,40666,
2031,100,1,44751,
2032,100,1,49118,
2033,100,1,55559,
2034,100,1,61815,
2035,100,1,67315,
2036,100,1,73845,
2037,100,1,80365,
2038,100,1,87544,
2039,100,1,93176,
2040,100,1,100368,
2041,100,1,109228,
2042,100,1,118281,
2043,100,1,126324,
2044,100,1,137567,
2045,100,1,151009,
2046,100,1,166616,
2047,100,1,187861,
2048,100,1,209982,
2049,100,1,234470,
2050,100,1,274953,
2051,100,1,301056,
2052,100,1,345741,
2053,100,1,387569,
2054,100,1,435736,
2055,100,1,490199,
2056,100,1,519416,
2057,100,1,558692,
2058,100,1,607731,
2059,100,1,595538,
2060,100,1,596796,
2061,100,1,564599,
2062,100,1,612909,
2063,100,1,823617,
2064,100,1,960056,
2065,100,1,1062962,
2066,100,1,1165559,
2067,100,1,1221130,
2068,100,1,1313588,
2069,100,1,1448214,
2070,100,1,1544266,
2071,100,1,1640745,
2072,100,1,1695326,
2073,100,1,1747752,
2074,100,1,1783105,
2075,100,1,1788061,
2076,100,1,1784840,
2077,100,1,1775961,
2078,100,1,1776455,
2079,100,1,1810547,
2080,100,1,1855244,
2081,100,1,1889530,
2082,100,1,2117645,
2083,100,1,2183574,
2084,100,1,2241561,
2085,100,1,2310394,
2086,100,1,2463509,
2087,100,1,2751226,
2088,100,1,2942086,
2089,100,1,3139564,
2090,100,1,3472339,
2091,100,1,3464727,
2092,100,1,3443173,
2093,100,1,3433666,
2094,100,1,3455103,
2095,100,1,3487181,
2096,100,1,3497752,
2097,100,1,3481157,
2098,100,1,3461865,
2099,100,1,3438520,
2100,100,1,3412654,
1990,0,2,64001964,
1991,0,2,63751223,
1992,0,2,60967472,
1993,0,2,58634682,
1994,0,2,55081750,
1995,0,2,49773001,
1996,0,2,48208755,
1997,0,2,46649536,
1998,0,2,45034240,
1999,0,2,43114427,
2000,0,2,41038284,
2001,0,2,39158988,
2002,0,2,37632177,
2003,0,2,36344759,
2004,0,2,35400195,
2005,0,2,34883543,
2006,0,2,34648051,
2007,0,2,34741968,
2008,0,2,35243728,
2009,0,2,35868405,
2010,0,2,36403298,
2011,0,2,36899062,
2012,0,2,37590599,
2013,0,2,37891200,
2014,0,2,37900347,
2015,0,2,37601953,
2016,0,2,37586636,
2017,0,2,37914510,
2018,0,2,37771501,
2019,0,2,37299437,
2020,0,2,36489991,
2021,0,2,35493020,
2022,0,2,34219865,
2023,0,2,33239290,
2024,0,2,32888666,
2025,0,2,33141231,
2026,0,2,33046977,
2027,0,2,32429942,
2028,0,2,31963628,
2029,0,2,31260928,
2030,0,2,30464820,
2031,0,2,29837564,
2032,0,2,29269312,
2033,0,2,28776682,
2034,0,2,28360409,
2035,0,2,28032862,
2036,0,2,27781420,
2037,0,2,27593553,
2038,0,2,27464373,
2039,0,2,27378913,
2040,0,2,27328190,
2041,0,2,27299883,
2042,0,2,27281337,
2043,0,2,27260943,
2044,0,2,27233406,
2045,0,2,27201985,
2046,0,2,27159170,
2047,0,2,27081866,
2048,0,2,26961826,
2049,0,2,26809001,
2050,0,2,26636297,
2051,0,2,26439015,
2052,0,2,26194271,
2053,0,2,25901606,
2054,0,2,25575331,
2055,0,2,25226635,
2056,0,2,24872255,
2057,0,2,24522976,
2058,0,2,24182022,
2059,0,2,23849220,
2060,0,2,23519835,
2061,0,2,23197746,
2062,0,2,22896894,
2063,0,2,22622617,
2064,0,2,22370585,
2065,0,2,22136137,
2066,0,2,21917535,
2067,0,2,21719798,
2068,0,2,21543597,
2069,0,2,21385470,
2070,0,2,21243513,
2071,0,2,21114355,
2072,0,2,20995386,
2073,0,2,20883167,
2074,0,2,20773315,
2075,0,2,20662338,
2076,0,2,20547189,
2077,0,2,20425864,
2078,0,2,20296631,
2079,0,2,20158051,
2080,0,2,20009206,
2081,0,2,19849359,
2082,0,2,19678728,
2083,0,2,19498543,
2084,0,2,19310213,
2085,0,2,19114794,
2086,0,2,18913231,
2087,0,2,18707298,
2088,0,2,18499577,
2089,0,2,18292479,
2090,0,2,18087785,
2091,0,2,17886776,
2092,0,2,17690690,
2093,0,2,17500863,
2094,0,2,17318371,
2095,0,2,17143941,
2096,0,2,16977932,
2097,0,2,16820234,
2098,0,2,16670380,
2099,0,2,16527732,
2100,0,2,16391651,
1990,5,2,50077606,
1991,5,2,51961337,
1992,5,2,52944928,
1993,5,2,54903283,
1994,5,2,58341865,
1995,5,2,63459810,
1996,5,2,63267279,
1997,5,2,60531103,
1998,5,2,58233180,
1999,5,2,54710590,
2000,5,2,49431203,
2001,5,2,47884791,
2002,5,2,46345166,
2003,5,2,44751855,
2004,5,2,42858379,
2005,5,2,40811701,
2006,5,2,38960425,
2007,5,2,37456953,
2008,5,2,36189075,
2009,5,2,35260606,
2010,5,2,34757139,
2011,5,2,34532628,
2012,5,2,34635086,
2013,5,2,35143053,
2014,5,2,35772340,
2015,5,2,36310820,
2016,5,2,36809778,
2017,5,2,37504203,
2018,5,2,37808459,
2019,5,2,37821850,
2020,5,2,37528256,
2021,5,2,37518368,
2022,5,2,37851589,
2023,5,2,37713859,
2024,5,2,37247082,
2025,5,2,36439068,
2026,5,2,35438211,
2027,5,2,34163734,
2028,5,2,33185151,
2029,5,2,32835654,
2030,5,2,33088855,
2031,5,2,32995575,
2032,5,2,32379834,
2033,5,2,31914673,
2034,5,2,31213230,
2035,5,2,30418374,
2036,5,2,29792196,
2037,5,2,29224926,
2038,5,2,28733178,
2039,5,2,28317697,
2040,5,2,27990858,
2041,5,2,27740046,
2042,5,2,27552745,
2043,5,2,27424066,
2044,5,2,27339067,
2045,5,2,27288780,
2046,5,2,27260884,
2047,5,2,27242734,
2048,5,2,27222722,
2049,5,2,27195566,
2050,5,2,27164524,
2051,5,2,27122090,
2052,5,2,27045180,
2053,5,2,26925545,
2054,5,2,26773130,
2055,5,2,26600835,
2056,5,2,26403970,
2057,5,2,26159657,
2058,5,2,25867439,
2059,5,2,25541612,
2060,5,2,25193355,
2061,5,2,24839400,
2062,5,2,24490533,
2063,5,2,24149974,
2064,5,2,23817558,
2065,5,2,23488536,
2066,5,2,23166797,
2067,5,2,22866273,
2068,5,2,22592305,
2069,5,2,22340564,
2070,5,2,22106389,
2071,5,2,21888048,
2072,5,2,21690552,
2073,5,2,21514579,
2074,5,2,21356664,
2075,5,2,21214911,
2076,5,2,21085947,
2077,5,2,20967162,
2078,5,2,20855119,
2079,5,2,20745438,
2080,5,2,20634631,
2081,5,2,20519648,
2082,5,2,20398488,
2083,5,2,20269415,
2084,5,2,20130999,
2085,5,2,19982313,
2086,5,2,19822626,
2087,5,2,19652155,
2088,5,2,19472125,
2089,5,2,19283954,
2090,5,2,19088688,
2091,5,2,18887278,
2092,5,2,18681492,
2093,5,2,18473914,
2094,5,2,18266958,
2095,5,2,18062399,
2096,5,2,17861522,
2097,5,2,17665563,
2098,5,2,17475856,
2099,5,2,17293481,
2100,5,2,17119163,
1990,10,2,47043099,
1991,10,2,45958567,
1992,10,2,48319483,
1993,10,2,49210547,
1994,10,2,49601185,
1995,10,2,49964650,
1996,10,2,51845808,
1997,10,2,52827612,
1998,10,2,54783668,
1999,10,2,58216723,
2000,10,2,63325768,
2001,10,2,63137310,
2002,10,2,60409783,
2003,10,2,58120295,
2004,10,2,54608304,
2005,10,2,49341910,
2006,10,2,47803037,
2007,10,2,46270512,
2008,10,2,44683848,
2009,10,2,42796829,
2010,10,2,40756174,
2011,10,2,38910031,
2012,10,2,37410692,
2013,10,2,36146140,
2014,10,2,35220187,
2015,10,2,34718504,
2016,10,2,34495340,
2017,10,2,34598714,
2018,10,2,35107150,
2019,10,2,35736787,
2020,10,2,36276178,
2021,10,2,36776520,
2022,10,2,37471573,
2023,10,2,37776280,
2024,10,2,37790428,
2025,10,2,37497398,
2026,10,2,37487465,
2027,10,2,37820943,
2028,10,2,37684279,
2029,10,2,37218615,
2030,10,2,36411847,
2031,10,2,35412257,
2032,10,2,34139052,
2033,10,2,33161531,
2034,10,2,32812700,
2035,10,2,33066242,
2036,10,2,32973493,
2037,10,2,32358516,
2038,10,2,31894025,
2039,10,2,31193330,
2040,10,2,30399230,
2041,10,2,29773707,
2042,10,2,29207037,
2043,10,2,28715833,
2044,10,2,28300843,
2045,10,2,27974438,
2046,10,2,27724017,
2047,10,2,27537067,
2048,10,2,27408707,
2049,10,2,27323999,
2050,10,2,27273982,
2051,10,2,27246340,
2052,10,2,27228434,
2053,10,2,27208661,
2054,10,2,27181740,
2055,10,2,27150924,
2056,10,2,27108716,
2057,10,2,27032037,
2058,10,2,26912640,
2059,10,2,26760462,
2060,10,2,26588405,
2061,10,2,26391777,
2062,10,2,26147706,
2063,10,2,25855739,
2064,10,2,25530161,
2065,10,2,25182150,
2066,10,2,24828432,
2067,10,2,24479793,
2068,10,2,24139455,
2069,10,2,23807250,
2070,10,2,23478431,
2071,10,2,23156882,
2072,10,2,22856542,
2073,10,2,22582746,
2074,10,2,22331165,
2075,10,2,22097140,
2076,10,2,21878940,
2077,10,2,21681580,
2078,10,2,21505731,
2079,10,2,21347934,
2080,10,2,21206292,
2081,10,2,21077432,
2082,10,2,20958749,
2083,10,2,20846804,
2084,10,2,20737214,
2085,10,2,20626497,
2086,10,2,20511605,
2087,10,2,20390528,
2088,10,2,20261546,
2089,10,2,20123211,
2090,10,2,19974611,
2091,10,2,19815005,
2092,10,2,19644618,
2093,10,2,19464673,
2094,10,2,19276580,
2095,10,2,19081392,
2096,10,2,18880061,
2097,10,2,18674349,
2098,10,2,18466844,
2099,10,2,18259961,
2100,10,2,18055471,
1990,15,2,58518456,
1991,15,2,55720926,
1992,15,2,53125998,
1993,15,2,50278139,
1994,15,2,48149416,
1995,15,2,46881050,
1996,15,2,45804127,
1997,15,2,48164799,
1998,15,2,49056967,
1999,15,2,49448397,
2000,15,2,49811541,
2001,15,2,51689878,
2002,15,2,52673881,
2003,15,2,54630740,
2004,15,2,58063410,
2005,15,2,63170560,
2006,15,2,62988178,
2007,15,2,60270987,
2008,15,2,57990587,
2009,15,2,54489626,
2010,15,2,49236297,
2011,15,2,47702804,
2012,15,2,46174335,
2013,15,2,44590850,
2014,15,2,42706729,
2015,15,2,40669259,
2016,15,2,38826442,
2017,15,2,37330246,
2018,15,2,36068716,
2019,15,2,35145438,
2020,15,2,34653141,
2021,15,2,34443277,
2022,15,2,34549855,
2023,15,2,35054155,
2024,15,2,35679465,
2025,15,2,36213982,
2026,15,2,36711540,
2027,15,2,37406742,
2028,15,2,37712312,
2029,15,2,37727328,
2030,15,2,37435242,
2031,15,2,37426064,
2032,15,2,37760165,
2033,15,2,37624306,
2034,15,2,37159537,
2035,15,2,36353738,
2036,15,2,35355281,
2037,15,2,34083523,
2038,15,2,33107163,
2039,15,2,32759081,
2040,15,2,33012935,
2041,15,2,32920648,
2042,15,2,32306431,
2043,15,2,31842578,
2044,15,2,31142634,
2045,15,2,30349316,
2046,15,2,29724454,
2047,15,2,29158396,
2048,15,2,28667752,
2049,15,2,28253268,
2050,15,2,27927310,
2051,15,2,27677291,
2052,15,2,27490701,
2053,15,2,27362666,
2054,15,2,27278254,
2055,15,2,27228514,
2056,15,2,27201125,
2057,15,2,27183463,
2058,15,2,27163928,
2059,15,2,27137242,
2060,15,2,27106654,
2061,15,2,27064666,
2062,15,2,26988215,
2063,15,2,26869048,
2064,15,2,26717104,
2065,15,2,26545283,
2066,15,2,26348888,
2067,15,2,26105055,
2068,15,2,25813328,
2069,15,2,25487995,
2070,15,2,25140226,
2071,15,2,24786745,
2072,15,2,24438331,
2073,15,2,24098209,
2074,15,2,23766210,
2075,15,2,23437593,
2076,15,2,23116235,
2077,15,2,22816075,
2078,15,2,22542448,
2079,15,2,22291025,
2080,15,2,22057149,
2081,15,2,21839091,
2082,15,2,21641860,
2083,15,2,21466136,
2084,15,2,21308455,
2085,15,2,21166923,
2086,15,2,21038167,
2087,15,2,20919585,
2088,15,2,20807733,
2089,15,2,20698235,
2090,15,2,20587605,
2091,15,2,20472800,
2092,15,2,20351807,
2093,15,2,20222907,
2094,15,2,20084655,
2095,15,2,19936138,
2096,15,2,19776610,
2097,15,2,19606305,
2098,15,2,19426440,
2099,15,2,19238423,
2100,15,2,19043311,
1990,20,2,61551872,
1991,20,2,61875861,
1992,20,2,62589372,
1993,20,2,62500993,
1994,20,2,60546804,
1995,20,2,58172118,
1996,20,2,55398050,
1997,20,2,52823303,
1998,20,2,49994330,
1999,20,2,47878640,
2000,20,2,46616799,
2001,20,2,45544833,
2002,20,2,47903157,
2003,20,2,48798093,
2004,20,2,49196271,
2005,20,2,49568384,
2006,20,2,51452970,
2007,20,2,52447854,
2008,20,2,54411626,
2009,20,2,57848065,
2010,20,2,62954955,
2011,20,2,62779802,
2012,20,2,60072996,
2013,20,2,57799806,
2014,20,2,54306577,
2015,20,2,49063733,
2016,20,2,47534403,
2017,20,2,46010357,
2018,20,2,44431802,
2019,20,2,42553567,
2020,20,2,40532227,
2021,20,2,38713602,
2022,20,2,37230311,
2023,20,2,35971911,
2024,20,2,35051161,
2025,20,2,34553200,
2026,20,2,34330852,
2027,20,2,34432288,
2028,20,2,34937566,
2029,20,2,35563452,
2030,20,2,36098506,
2031,20,2,36596594,
2032,20,2,37292147,
2033,20,2,37598424,
2034,20,2,37614366,
2035,20,2,37323407,
2036,20,2,37315101,
2037,20,2,37649879,
2038,20,2,37514983,
2039,20,2,37051333,
2040,20,2,36246794,
2041,20,2,35249777,
2042,20,2,33979790,
2043,20,2,33004861,
2044,20,2,32657696,
2045,20,2,32911939,
2046,20,2,32820241,
2047,20,2,32206983,
2048,20,2,31743937,
2049,20,2,31044943,
2050,20,2,30252609,
2051,20,2,29628578,
2052,20,2,29063288,
2053,20,2,28573346,
2054,20,2,28159499,
2055,20,2,27834099,
2056,20,2,27584578,
2057,20,2,27398436,
2058,20,2,27270807,
2059,20,2,27186767,
2060,20,2,27137366,
2061,20,2,27110294,
2062,20,2,27092935,
2063,20,2,27073700,
2064,20,2,27047304,
2065,20,2,27016998,
2066,20,2,26975288,
2067,20,2,26899121,
2068,20,2,26780246,
2069,20,2,26628596,
2070,20,2,26457069,
2071,20,2,26260970,
2072,20,2,26017438,
2073,20,2,25726015,
2074,20,2,25400992,
2075,20,2,25053528,
2076,20,2,24700350,
2077,20,2,24352223,
2078,20,2,24012377,
2079,20,2,23680641,
2080,20,2,23352276,
2081,20,2,23031163,
2082,20,2,22731234,
2083,20,2,22457819,
2084,20,2,22206598,
2085,20,2,21972912,
2086,20,2,21755031,
2087,20,2,21557970,
2088,20,2,21382402,
2089,20,2,21224868,
2090,20,2,21083477,
2091,20,2,20954853,
2092,20,2,20836397,
2093,20,2,20724663,
2094,20,2,20615281,
2095,20,2,20504761,
2096,20,2,20390068,
2097,20,2,20269184,
2098,20,2,20140389,
2099,20,2,20002244,
2100,20,2,19853829,
1990,25,2,50776325,
1991,25,2,57292548,
1992,25,2,60554710,
1993,25,2,59380414,
1994,25,2,60300334,
1995,25,2,61131623,
1996,25,2,61460281,
1997,25,2,62175693,
1998,25,2,62092482,
1999,25,2,60151065,
2000,25,2,57788370,
2001,25,2,55028727,
2002,25,2,52470174,
2003,25,2,49661793,
2004,25,2,47567165,
2005,25,2,46325788,
2006,25,2,45274101,
2007,25,2,47641073,
2008,25,2,48548399,
2009,25,2,48959953,
2010,25,2,49344223,
2011,25,2,51235208,
2012,25,2,52237698,
2013,25,2,54204187,
2014,25,2,57638315,
2015,25,2,62739341,
2016,25,2,62568571,
2017,25,2,59870480,
2018,25,2,57604957,
2019,25,2,54121568,
2020,25,2,48898759,
2021,25,2,47391167,
2022,25,2,45882103,
2023,25,2,44311452,
2024,25,2,42441684,
2025,25,2,40418893,
2026,25,2,38587546,
2027,25,2,37099346,
2028,25,2,35844532,
2029,25,2,34926453,
2030,25,2,34430378,
2031,25,2,34209493,
2032,25,2,34311945,
2033,25,2,34817732,
2034,25,2,35443967,
2035,25,2,35979452,
2036,25,2,36477991,
2037,25,2,37173799,
2038,25,2,37480728,
2039,25,2,37497593,
2040,25,2,37207811,
2041,25,2,37200391,
2042,25,2,37535757,
2043,25,2,37401827,
2044,25,2,36939374,
2045,25,2,36136248,
2046,25,2,35140781,
2047,25,2,33872572,
2048,25,2,32899098,
2049,25,2,32552846,
2050,25,2,32807491,
2051,25,2,32716432,
2052,25,2,32104183,
2053,25,2,31641997,
2054,25,2,30943998,
2055,25,2,30152695,
2056,25,2,29529538,
2057,25,2,28965056,
2058,25,2,28475846,
2059,25,2,28062660,
2060,25,2,27737844,
2061,25,2,27488844,
2062,25,2,27303167,
2063,25,2,27175958,
2064,25,2,27092304,
2065,25,2,27043255,
2066,25,2,27016512,
2067,25,2,26999467,
2068,25,2,26980539,
2069,25,2,26954446,
2070,25,2,26924434,
2071,25,2,26883016,
2072,25,2,26807147,
2073,25,2,26688581,
2074,25,2,26537244,
2075,25,2,26366030,
2076,25,2,26170245,
2077,25,2,25927036,
2078,25,2,25635945,
2079,25,2,25311255,
2080,25,2,24964124,
2081,25,2,24611271,
2082,25,2,24263457,
2083,25,2,23923910,
2084,25,2,23592462,
2085,25,2,23264373,
2086,25,2,22943526,
2087,25,2,22643848,
2088,25,2,22370666,
2089,25,2,22119666,
2090,25,2,21886186,
2091,25,2,21668500,
2092,25,2,21471623,
2093,25,2,21296227,
2094,25,2,21138853,
2095,25,2,20997616,
2096,25,2,20869135,
2097,25,2,20750814,
2098,25,2,20639213,
2099,25,2,20529955,
2100,25,2,20419560,
1990,30,2,40188380,
1991,30,2,37260977,
1992,30,2,36171143,
1993,30,2,40112275,
1994,30,2,45513256,
1995,30,2,50420397,
1996,30,2,56892918,
1997,30,2,60130713,
1998,30,2,58962477,
1999,30,2,59875391,
2000,30,2,60698374,
2001,30,2,61024546,
2002,30,2,61739865,
2003,30,2,61668171,
2004,30,2,59755519,
2005,30,2,57427615,
2006,30,2,54704758,
2007,30,2,52178561,
2008,30,2,49401056,
2009,30,2,47332174,
2010,30,2,46110923,
2011,30,2,45075789,
2012,30,2,47447400,
2013,30,2,48360925,
2014,30,2,48777874,
2015,30,2,49166350,
2016,30,2,51057924,
2017,30,2,52064245,
2018,30,2,54031218,
2019,30,2,57462774,
2020,30,2,62560750,
2021,30,2,62400191,
2022,30,2,59715893,
2023,30,2,57460494,
2024,30,2,53991033,
2025,30,2,48778768,
2026,30,2,47264437,
2027,30,2,45753981,
2028,30,2,44188598,
2029,30,2,42323981,
2030,30,2,40306232,
2031,30,2,38479407,
2032,30,2,36994982,
2033,30,2,35743443,
2034,30,2,34828031,
2035,30,2,34333937,
2036,30,2,34114566,
2037,30,2,34218056,
2038,30,2,34724359,
2039,30,2,35350930,
2040,30,2,35886844,
2041,30,2,36385813,
2042,30,2,37081867,
2043,30,2,37389478,
2044,30,2,37407301,
2045,30,2,37118735,
2046,30,2,37112247,
2047,30,2,37448316,
2048,30,2,37315433,
2049,30,2,36854226,
2050,30,2,36052523,
2051,30,2,35058691,
2052,30,2,33792501,
2053,30,2,32820653,
2054,30,2,32475424,
2055,30,2,32730472,
2056,30,2,32640063,
2057,30,2,32028900,
2058,30,2,31567625,
2059,30,2,30870709,
2060,30,2,30080529,
2061,30,2,29458321,
2062,30,2,28894718,
2063,30,2,28406305,
2064,30,2,27993838,
2065,30,2,27669659,
2066,30,2,27421219,
2067,30,2,27236047,
2068,30,2,27109292,
2069,30,2,27026050,
2070,30,2,26977383,
2071,30,2,26950989,
2072,30,2,26934282,
2073,30,2,26915684,
2074,30,2,26889915,
2075,30,2,26860220,
2076,30,2,26819111,
2077,30,2,26743562,
2078,30,2,26625326,
2079,30,2,26474331,
2080,30,2,26303455,
2081,30,2,26108009,
2082,30,2,25865151,
2083,30,2,25574420,
2084,30,2,25250091,
2085,30,2,24903323,
2086,30,2,24550828,
2087,30,2,24203356,
2088,30,2,23864137,
2089,30,2,23533002,
2090,30,2,23205215,
2091,30,2,22884661,
2092,30,2,22585257,
2093,30,2,22312333,
2094,30,2,22061574,
2095,30,2,21828320,
2096,30,2,21610848,
2097,30,2,21414174,
2098,30,2,21238964,
2099,30,2,21081767,
2100,30,2,20940696,
1990,35,2,41793984,
1991,35,2,43210545,
1992,35,2,43779032,
1993,35,2,44406858,
1994,35,2,42317371,
1995,35,2,39870583,
1996,35,2,36963768,
1997,35,2,35882612,
1998,35,2,39797745,
1999,35,2,45159794,
2000,35,2,50030451,
2001,35,2,56456647,
2002,35,2,59675866,
2003,35,2,58525816,
2004,35,2,59448938,
2005,35,2,60289148,
2006,35,2,60638543,
2007,35,2,61372942,
2008,35,2,61323500,
2009,35,2,59440826,
2010,35,2,57141814,
2011,35,2,54446289,
2012,35,2,51942940,
2013,35,2,49186495,
2014,35,2,47133586,
2015,35,2,45923295,
2016,35,2,44897189,
2017,35,2,47267657,
2018,35,2,48182788,
2019,35,2,48602171,
2020,35,2,48994742,
2021,35,2,50888265,
2022,35,2,51898906,
2023,35,2,53863923,
2024,35,2,57290978,
2025,35,2,62377843,
2026,35,2,62215339,
2027,35,2,59539797,
2028,35,2,57294335,
2029,35,2,53837359,
2030,35,2,48641959,
2031,35,2,47134121,
2032,35,2,45629607,
2033,35,2,44069965,
2034,35,2,42211511,
2035,35,2,40200026,
2036,35,2,38378830,
2037,35,2,36899125,
2038,35,2,35651709,
2039,35,2,34739683,
2040,35,2,34248134,
2041,35,2,34030721,
2042,35,2,34135560,
2043,35,2,34642561,
2044,35,2,35269596,
2045,35,2,35806080,
2046,35,2,36305611,
2047,35,2,37002006,
2048,35,2,37310506,
2049,35,2,37329559,
2050,35,2,37042532,
2051,35,2,37037240,
2052,35,2,37374257,
2053,35,2,37242713,
2054,35,2,36783061,
2055,35,2,35983103,
2056,35,2,34991310,
2057,35,2,33727699,
2058,35,2,32757927,
2059,35,2,32414002,
2060,35,2,32669565,
2061,35,2,32579957,
2062,35,2,31970160,
2063,35,2,31510023,
2064,35,2,30814464,
2065,35,2,30025695,
2066,35,2,29404678,
2067,35,2,28842177,
2068,35,2,28354767,
2069,35,2,27943207,
2070,35,2,27619824,
2071,35,2,27372089,
2072,35,2,27187549,
2073,35,2,27061365,
2074,35,2,26978643,
2075,35,2,26930451,
2076,35,2,26904497,
2077,35,2,26888211,
2078,35,2,26870025,
2079,35,2,26844659,
2080,35,2,26815360,
2081,35,2,26774639,
2082,35,2,26699485,
2083,35,2,26581663,
2084,35,2,26431086,
2085,35,2,26260633,
2086,35,2,26065608,
2087,35,2,25823182,
2088,35,2,25532896,
2089,35,2,25209015,
2090,35,2,24862699,
2091,35,2,24510646,
2092,35,2,24163600,
2093,35,2,23824786,
2094,35,2,23494038,
2095,35,2,23166626,
2096,35,2,22846434,
2097,35,2,22547369,
2098,35,2,22274766,
2099,35,2,22024303,
2100,35,2,21791329,
1990,40,2,30376525,
1991,40,2,32061261,
1992,40,2,34481816,
1993,40,2,36860371,
1994,40,2,39446879,
1995,40,2,41389433,
1996,40,2,42794147,
1997,40,2,43360314,
1998,40,2,43985425,
1999,40,2,41915205,
2000,40,2,39492140,
2001,40,2,36611927,
2002,40,2,35547704,
2003,40,2,39447029,
2004,40,2,44779255,
2005,40,2,49626620,
2006,40,2,56017881,
2007,40,2,59227026,
2008,40,2,58105501,
2009,40,2,59043057,
2010,40,2,59896149,
2011,40,2,60260568,
2012,40,2,61004066,
2013,40,2,60967860,
2014,40,2,59107992,
2015,40,2,56831140,
2016,40,2,54157689,
2017,40,2,51672892,
2018,40,2,48935224,
2019,40,2,46897140,
2020,40,2,45697534,
2021,40,2,44681555,
2022,40,2,47047950,
2023,40,2,47962787,
2024,40,2,48386055,
2025,40,2,48781180,
2026,40,2,50669136,
2027,40,2,51684570,
2028,40,2,53650321,
2029,40,2,57071757,
2030,40,2,62147043,
2031,40,2,61988379,
2032,40,2,59326165,
2033,40,2,57091901,
2034,40,2,53650851,
2035,40,2,48477924,
2036,40,2,46978527,
2037,40,2,45481773,
2038,40,2,43929687,
2039,40,2,42079439,
2040,40,2,40076357,
2041,40,2,38262732,
2042,40,2,36789379,
2043,40,2,35547517,
2044,40,2,34640062,
2045,40,2,34151957,
2046,40,2,33937194,
2047,40,2,34043871,
2048,40,2,34551832,
2049,40,2,35179516,
2050,40,2,35716781,
2051,40,2,36217069,
2052,40,2,36913932,
2053,40,2,37223628,
2054,40,2,37244321,
2055,40,2,36959329,
2056,40,2,36955627,
2057,40,2,37293950,
2058,40,2,37164200,
2059,40,2,36706606,
2060,40,2,35908925,
2061,40,2,34919837,
2062,40,2,33659718,
2063,40,2,32692747,
2064,40,2,32350589,
2065,40,2,32606824,
2066,40,2,32518271,
2067,40,2,31910295,
2068,40,2,31451666,
2069,40,2,30757921,
2070,40,2,29971043,
2071,40,2,29351615,
2072,40,2,28790586,
2073,40,2,28304519,
2074,40,2,27894171,
2075,40,2,27571851,
2076,40,2,27325057,
2077,40,2,27141360,
2078,40,2,27015937,
2079,40,2,26933907,
2080,40,2,26886347,
2081,40,2,26860975,
2082,40,2,26845247,
2083,40,2,26827606,
2084,40,2,26802781,
2085,40,2,26774002,
2086,40,2,26733794,
2087,40,2,26659165,
2088,40,2,26541889,
2089,40,2,26391870,
2090,40,2,26221975,
2091,40,2,26027510,
2092,40,2,25785659,
2093,40,2,25495962,
2094,40,2,25172681,
2095,40,2,24826965,
2096,40,2,24475504,
2097,40,2,24129025,
2098,40,2,23790749,
2099,40,2,23460519,
2100,40,2,23133608,
1990,45,2,23235599,
1991,45,2,23935185,
1992,45,2,24957637,
1993,45,2,26306415,
1994,45,2,27722548,
1995,45,2,29942254,
1996,45,2,31604848,
1997,45,2,33995387,
1998,45,2,36342704,
1999,45,2,38894607,
2000,45,2,40813473,
2001,45,2,42199363,
2002,45,2,42767717,
2003,45,2,43400059,
2004,45,2,41371217,
2005,45,2,38999399,
2006,45,2,36170609,
2007,45,2,35142564,
2008,45,2,39035463,
2009,45,2,44337097,
2010,45,2,49156882,
2011,45,2,55503123,
2012,45,2,58698709,
2013,45,2,57612390,
2014,45,2,58567525,
2015,45,2,59436319,
2016,45,2,59817428,
2017,45,2,60568222,
2018,45,2,60542342,
2019,45,2,58703465,
2020,45,2,56446954,
2021,45,2,53795255,
2022,45,2,51329423,
2023,45,2,48614000,
2024,45,2,46597230,
2025,45,2,45413674,
2026,45,2,44411248,
2027,45,2,46775436,
2028,45,2,47695187,
2029,45,2,48124022,
2030,45,2,48523712,
2031,45,2,50408861,
2032,45,2,51429469,
2033,45,2,53393354,
2034,45,2,56806284,
2035,45,2,61866066,
2036,45,2,61712449,
2037,45,2,59067117,
2038,45,2,56847182,
2039,45,2,53426215,
2040,45,2,48281332,
2041,45,2,46792612,
2042,45,2,45305770,
2043,45,2,43763359,
2044,45,2,41923601,
2045,45,2,39931239,
2046,45,2,38127276,
2047,45,2,36662033,
2048,45,2,35427258,
2049,45,2,34525614,
2050,45,2,34041863,
2051,45,2,33830440,
2052,45,2,33939406,
2053,45,2,34448505,
2054,45,2,35076930,
2055,45,2,35615120,
2056,45,2,36116323,
2057,45,2,36813705,
2058,45,2,37124877,
2059,45,2,37147646,
2060,45,2,36865276,
2061,45,2,36863589,
2062,45,2,37203489,
2063,45,2,37076010,
2064,45,2,36621083,
2065,45,2,35826408,
2066,45,2,34840849,
2067,45,2,33585219,
2068,45,2,32621855,
2069,45,2,32281946,
2070,45,2,32539020,
2071,45,2,32451826,
2072,45,2,31846213,
2073,45,2,31389543,
2074,45,2,30698157,
2075,45,2,29913743,
2076,45,2,29296387,
2077,45,2,28737274,
2078,45,2,28252951,
2079,45,2,27844178,
2080,45,2,27523237,
2081,45,2,27277659,
2082,45,2,27095054,
2083,45,2,26970611,
2084,45,2,26889473,
2085,45,2,26842723,
2086,45,2,26818100,
2087,45,2,26803088,
2088,45,2,26786150,
2089,45,2,26762017,
2090,45,2,26733910,
2091,45,2,26694364,
2092,45,2,26620414,
2093,45,2,26503850,
2094,45,2,26354556,
2095,45,2,26185392,
2096,45,2,25991660,
2097,45,2,25750566,
2098,45,2,25461648,
2099,45,2,25139158,
2100,45,2,24794239,
1990,50,2,21512789,
1991,50,2,21562979,
1992,50,2,21748375,
1993,50,2,21799028,
1994,50,2,22202304,
1995,50,2,22720861,
1996,50,2,23412597,
1997,50,2,24420735,
1998,50,2,25746765,
1999,50,2,27139079,
2000,50,2,29320982,
2001,50,2,30957137,
2002,50,2,33314157,
2003,50,2,35633300,
2004,50,2,38160062,
2005,50,2,40075735,
2006,50,2,41467605,
2007,50,2,42059046,
2008,50,2,42713204,
2009,50,2,40742068,
2010,50,2,38432316,
2011,50,2,35664007,
2012,50,2,34674374,
2013,50,2,38552077,
2014,50,2,43812572,
2015,50,2,48595111,
2016,50,2,54881475,
2017,50,2,58050146,
2018,50,2,56994674,
2019,50,2,57956736,
2020,50,2,58826036,
2021,50,2,59209286,
2022,50,2,59951704,
2023,50,2,59930126,
2024,50,2,58123357,
2025,50,2,55904279,
2026,50,2,53294191,
2027,50,2,50867870,
2028,50,2,48193440,
2029,50,2,46208652,
2030,50,2,45047260,
2031,50,2,44063492,
2032,50,2,46423867,
2033,50,2,47346043,
2034,50,2,47780105,
2035,50,2,48184454,
2036,50,2,50064486,
2037,50,2,51093177,
2038,50,2,53054152,
2039,50,2,56455158,
2040,50,2,61493490,
2041,50,2,61344646,
2042,50,2,58721189,
2043,50,2,56519707,
2044,50,2,53126028,
2045,50,2,48020584,
2046,50,2,46546334,
2047,50,2,45072765,
2048,50,2,43543322,
2049,50,2,41717767,
2050,50,2,39740045,
2051,50,2,37949294,
2052,50,2,36495108,
2053,50,2,35270012,
2054,50,2,34376320,
2055,50,2,33898532,
2056,50,2,33691652,
2057,50,2,33803708,
2058,50,2,34314326,
2059,50,2,34943694,
2060,50,2,35483054,
2061,50,2,35985367,
2062,50,2,36683357,
2063,50,2,36996459,
2064,50,2,37021961,
2065,50,2,36743041,
2066,50,2,36744022,
2067,50,2,37086149,
2068,50,2,36961742,
2069,50,2,36510343,
2070,50,2,35719565,
2071,50,2,34738751,
2072,50,2,33489433,
2073,50,2,32531101,
2074,50,2,32194316,
2075,50,2,32452465,
2076,50,2,32367034,
2077,50,2,31764649,
2078,50,2,31310625,
2079,50,2,30622476,
2080,50,2,29841464,
2081,50,2,29226954,
2082,50,2,28670474,
2083,50,2,28188554,
2084,50,2,27781947,
2085,50,2,27462903,
2086,50,2,27218986,
2087,50,2,27037873,
2088,50,2,26914768,
2089,50,2,26834846,
2090,50,2,26789196,
2091,50,2,26765584,
2092,50,2,26751539,
2093,50,2,26735553,
2094,50,2,26712360,
2095,50,2,26685165,
2096,50,2,26646515,
2097,50,2,26573489,
2098,50,2,26457894,
2099,50,2,26309597,
2100,50,2,26141434,
1990,55,2,19873379,
1991,55,2,20406234,
1992,55,2,20791633,
1993,55,2,20868330,
1994,55,2,20765115,
1995,55,2,20802498,
1996,55,2,20872767,
1997,55,2,21072956,
1998,55,2,21141117,
1999,55,2,21551060,
2000,55,2,22073976,
2001,55,2,22764529,
2002,55,2,23762138,
2003,55,2,25068439,
2004,55,2,26441469,
2005,55,2,28590203,
2006,55,2,30207943,
2007,55,2,32533853,
2008,55,2,34822834,
2009,55,2,37316293,
2010,55,2,39216721,
2011,55,2,40599198,
2012,55,2,41204206,
2013,55,2,41871618,
2014,55,2,39956939,
2015,55,2,37711955,
2016,55,2,35006936,
2017,55,2,34056993,
2018,55,2,37906125,
2019,55,2,43095112,
2020,55,2,47804284,
2021,55,2,53978688,
2022,55,2,57082516,
2023,55,2,56057960,
2024,55,2,57031141,
2025,55,2,57915697,
2026,55,2,58325121,
2027,55,2,59085100,
2028,55,2,59093104,
2029,55,2,57337788,
2030,55,2,55169381,
2031,55,2,52613037,
2032,55,2,50234681,
2033,55,2,47610949,
2034,55,2,45667981,
2035,55,2,44536217,
2036,55,2,43577453,
2037,55,2,45931058,
2038,55,2,46856052,
2039,55,2,47297163,
2040,55,2,47708019,
2041,55,2,49580796,
2042,55,2,50620029,
2043,55,2,52576624,
2044,55,2,55960570,
2045,55,2,60968413,
2046,55,2,60826836,
2047,55,2,58234515,
2048,55,2,56059355,
2049,55,2,52704185,
2050,55,2,47654017,
2051,55,2,46200170,
2052,55,2,44745363,
2053,55,2,43234242,
2054,55,2,41428714,
2055,55,2,39471604,
2056,55,2,37699447,
2057,55,2,36260829,
2058,55,2,35049353,
2059,55,2,34166834,
2060,55,2,33697395,
2061,55,2,33496869,
2062,55,2,33613218,
2063,55,2,34125894,
2064,55,2,34756512,
2065,55,2,35297454,
2066,55,2,35801284,
2067,55,2,36500057,
2068,55,2,36815827,
2069,55,2,36845158,
2070,55,2,36571105,
2071,55,2,36575821,
2072,55,2,36921004,
2073,55,2,36800895,
2074,55,2,36354493,
2075,55,2,35569275,
2076,55,2,34595209,
2077,55,2,33354810,
2078,55,2,32403592,
2079,55,2,32071199,
2080,55,2,32330831,
2081,55,2,32247886,
2082,55,2,31650076,
2083,55,2,31199802,
2084,55,2,30516246,
2085,55,2,29740069,
2086,55,2,29129599,
2087,55,2,28576859,
2088,55,2,28098344,
2089,55,2,27694811,
2090,55,2,27378453,
2091,55,2,27136888,
2092,55,2,26957880,
2093,55,2,26836664,
2094,55,2,26758451,
2095,55,2,26714347,
2096,55,2,26692156,
2097,55,2,26679471,
2098,55,2,26664823,
2099,55,2,26642949,
2100,55,2,26617037,
1990,60,2,16495884,
1991,60,2,16932695,
1992,60,2,17410584,
1993,60,2,17873333,
1994,60,2,18477035,
1995,60,2,18820612,
1996,60,2,19359882,
1997,60,2,19757265,
1998,60,2,19863728,
1999,60,2,19796678,
2000,60,2,19864486,
2001,60,2,19963061,
2002,60,2,20181887,
2003,60,2,20269396,
2004,60,2,20682369,
2005,60,2,21204266,
2006,60,2,21887930,
2007,60,2,22868604,
2008,60,2,24143275,
2009,60,2,25483385,
2010,60,2,27578666,
2011,60,2,29159769,
2012,60,2,31438124,
2013,60,2,33683197,
2014,60,2,36131931,
2015,60,2,38018326,
2016,60,2,39388757,
2017,60,2,40006334,
2018,60,2,40679249,
2019,60,2,38827763,
2020,60,2,36657107,
2021,60,2,34026917,
2022,60,2,33120826,
2023,60,2,36920101,
2024,60,2,42007689,
2025,60,2,46627388,
2026,60,2,52668707,
2027,60,2,55723687,
2028,60,2,54779435,
2029,60,2,55781049,
2030,60,2,56685773,
2031,60,2,57124196,
2032,60,2,57894745,
2033,60,2,57930906,
2034,60,2,56241631,
2035,60,2,54141139,
2036,60,2,51657481,
2037,60,2,49344451,
2038,60,2,46790739,
2039,60,2,44905963,
2040,60,2,43815514,
2041,60,2,42891613,
2042,60,2,45235657,
2043,60,2,46164119,
2044,60,2,46614643,
2045,60,2,47034123,
2046,60,2,48896117,
2047,60,2,49950597,
2048,60,2,51900745,
2049,60,2,55260218,
2050,60,2,60224485,
2051,60,2,60092250,
2052,60,2,57543510,
2053,60,2,55405099,
2054,60,2,52104387,
2055,60,2,47133048,
2056,60,2,45707942,
2057,60,2,44279511,
2058,60,2,42794174,
2059,60,2,41016951,
2060,60,2,39089058,
2061,60,2,37343274,
2062,60,2,35926721,
2063,60,2,34734559,
2064,60,2,33867877,
2065,60,2,33410259,
2066,60,2,33218685,
2067,60,2,33341036,
2068,60,2,33856514,
2069,60,2,34488760,
2070,60,2,35031797,
2071,60,2,35537607,
2072,60,2,36237324,
2073,60,2,36556757,
2074,60,2,36591408,
2075,60,2,36324164,
2076,60,2,36334092,
2077,60,2,36683587,
2078,60,2,36569537,
2079,60,2,36130154,
2080,60,2,35352732,
2081,60,2,34388247,
2082,60,2,33160715,
2083,60,2,32219722,
2084,60,2,31893613,
2085,60,2,32155253,
2086,60,2,32075767,
2087,60,2,31484484,
2088,60,2,31039533,
2089,60,2,30362555,
2090,60,2,29593323,
2091,60,2,28988639,
2092,60,2,28441263,
2093,60,2,27967629,
2094,60,2,27568503,
2095,60,2,27255986,
2096,60,2,27017778,
2097,60,2,26841768,
2098,60,2,26723238,
2099,60,2,26647456,
2100,60,2,26605544,
1990,65,2,13415035,
1991,65,2,13652136,
1992,65,2,13879253,
1993,65,2,14459028,
1994,65,2,14693421,
1995,65,2,15051436,
1996,65,2,15491128,
1997,65,2,15968277,
1998,65,2,16441381,
1999,65,2,17040310,
2000,65,2,17401616,
2001,65,2,17939406,
2002,65,2,18341317,
2003,65,2,18474633,
2004,65,2,18442489,
2005,65,2,18535674,
2006,65,2,18658348,
2007,65,2,18892302,
2008,65,2,19000586,
2009,65,2,19414034,
2010,65,2,19933370,
2011,65,2,20609284,
2012,65,2,21571232,
2013,65,2,22811619,
2014,65,2,24120930,
2015,65,2,26161276,
2016,65,2,27709024,
2017,65,2,29923472,
2018,65,2,32096173,
2019,65,2,34456689,
2020,65,2,36280576,
2021,65,2,37586915,
2022,65,2,38181916,
2023,65,2,38839966,
2024,65,2,37090577,
2025,65,2,35058741,
2026,65,2,32576627,
2027,65,2,31778309,
2028,65,2,35543278,
2029,65,2,40501319,
2030,65,2,44991833,
2031,65,2,50832777,
2032,65,2,53792492,
2033,65,2,52939563,
2034,65,2,53970229,
2035,65,2,54895928,
2036,65,2,55368478,
2037,65,2,56146117,
2038,65,2,56216656,
2039,65,2,54619542,
2040,65,2,52614814,
2041,65,2,50235038,
2042,65,2,48015401,
2043,65,2,45563282,
2044,65,2,43763455,
2045,65,2,42732828,
2046,65,2,41858942,
2047,65,2,44187981,
2048,65,2,45118926,
2049,65,2,45580715,
2050,65,2,46010121,
2051,65,2,47852779,
2052,65,2,48931158,
2053,65,2,50869398,
2054,65,2,54189039,
2055,65,2,59083679,
2056,65,2,58959466,
2057,65,2,56473592,
2058,65,2,54387843,
2059,65,2,51169617,
2060,65,2,46321851,
2061,65,2,44939818,
2062,65,2,43550546,
2063,65,2,42103623,
2064,65,2,40369216,
2065,65,2,38486028,
2066,65,2,36780720,
2067,65,2,35397952,
2068,65,2,34235445,
2069,65,2,33393085,
2070,65,2,32953543,
2071,65,2,32775452,
2072,65,2,32906585,
2073,65,2,33425794,
2074,65,2,34059791,
2075,65,2,34605217,
2076,65,2,35113058,
2077,65,2,35813340,
2078,65,2,36137731,
2079,65,2,36179959,
2080,65,2,35922547,
2081,65,2,35940001,
2082,65,2,36296352,
2083,65,2,36191457,
2084,65,2,35762384,
2085,65,2,34996058,
2086,65,2,34046238,
2087,65,2,32840088,
2088,65,2,31915866,
2089,65,2,31599922,
2090,65,2,31864130,
2091,65,2,31789463,
2092,65,2,31208475,
2093,65,2,30771705,
2094,65,2,30105229,
2095,65,2,29347256,
2096,65,2,28751844,
2097,65,2,28213095,
2098,65,2,27747335,
2099,65,2,27355316,
2100,65,2,27048950,
1990,70,2,9706376,
1991,70,2,10015706,
1992,70,2,10338265,
1993,70,2,10606991,
1994,70,2,11107772,
1995,70,2,11510536,
1996,70,2,11741562,
1997,70,2,11963861,
1998,70,2,12496167,
1999,70,2,12730770,
2000,70,2,13083254,
2001,70,2,13494175,
2002,70,2,13944655,
2003,70,2,14414451,
2004,70,2,14991463,
2005,70,2,15365373,
2006,70,2,15888481,
2007,70,2,16287915,
2008,70,2,16456127,
2009,70,2,16474271,
2010,70,2,16608146,
2011,70,2,16772249,
2012,70,2,17035230,
2013,70,2,17181527,
2014,70,2,17605890,
2015,70,2,18135106,
2016,70,2,18809353,
2017,70,2,19741458,
2018,70,2,20914921,
2019,70,2,22146832,
2020,70,2,24055747,
2021,70,2,25489730,
2022,70,2,27546879,
2023,70,2,29566047,
2024,70,2,31784973,
2025,70,2,33545121,
2026,70,2,34808255,
2027,70,2,35445289,
2028,70,2,36141219,
2029,70,2,34553880,
2030,70,2,32714793,
2031,70,2,30428363,
2032,70,2,29764617,
2033,70,2,33460560,
2034,70,2,38204844,
2035,70,2,42481092,
2036,70,2,47991286,
2037,70,2,50781189,
2038,70,2,50058317,
2039,70,2,51124469,
2040,70,2,52072449,
2041,70,2,52588676,
2042,70,2,53365063,
2043,70,2,53479222,
2044,70,2,52020222,
2045,70,2,50159875,
2046,70,2,47939039,
2047,70,2,45862454,
2048,70,2,43568727,
2049,70,2,41902015,
2050,70,2,40963997,
2051,70,2,40166642,
2052,70,2,42467875,
2053,70,2,43396839,
2054,70,2,43870844,
2055,70,2,44310129,
2056,70,2,46114451,
2057,70,2,47230155,
2058,70,2,49143177,
2059,70,2,52390391,
2060,70,2,57161840,
2061,70,2,57041933,
2062,70,2,54655376,
2063,70,2,52652441,
2064,70,2,49570258,
2065,70,2,44931810,
2066,70,2,43619709,
2067,70,2,42293775,
2068,70,2,40909324,
2069,70,2,39245631,
2070,70,2,37437058,
2071,70,2,35799469,
2072,70,2,34473088,
2073,70,2,33360110,
2074,70,2,32558225,
2075,70,2,32148408,
2076,70,2,31992024,
2077,70,2,32136630,
2078,70,2,32660437,
2079,70,2,33295463,
2080,70,2,33843023,
2081,70,2,34352294,
2082,70,2,35051489,
2083,70,2,35382739,
2084,70,2,35436553,
2085,70,2,35194817,
2086,70,2,35223988,
2087,70,2,35591265,
2088,70,2,35501269,
2089,70,2,35089108,
2090,70,2,34341031,
2091,70,2,33416430,
2092,70,2,32248554,
2093,70,2,31354107,
2094,70,2,31055780,
2095,70,2,31323346,
2096,70,2,31256198,
2097,70,2,30693157,
2098,70,2,30270419,
2099,70,2,29622496,
2100,70,2,28884629,
1990,75,2,6244820,
1991,75,2,6467969,
1992,75,2,6699556,
1993,75,2,6912959,
1994,75,2,7022950,
1995,75,2,7396614,
1996,75,2,7684542,
1997,75,2,7981336,
1998,75,2,8232269,
1999,75,2,8673210,
2000,75,2,9050679,
2001,75,2,9273772,
2002,75,2,9486931,
2003,75,2,9952720,
2004,75,2,10185187,
2005,75,2,10529004,
2006,75,2,10908183,
2007,75,2,11319834,
2008,75,2,11765153,
2009,75,2,12292222,
2010,75,2,12658155,
2011,75,2,13146473,
2012,75,2,13536340,
2013,75,2,13747729,
2014,75,2,13834230,
2015,75,2,14024432,
2016,75,2,14238654,
2017,75,2,14523656,
2018,75,2,14693935,
2019,75,2,15094276,
2020,75,2,15581629,
2021,75,2,16189392,
2022,75,2,17016555,
2023,75,2,18051231,
2024,75,2,19163604,
2025,75,2,20902721,
2026,75,2,22228547,
2027,75,2,24137574,
2028,75,2,26007525,
2029,75,2,28043664,
2030,75,2,29691408,
2031,75,2,30861989,
2032,75,2,31504527,
2033,75,2,32203144,
2034,75,2,30827418,
2035,75,2,29250679,
2036,75,2,27239287,
2037,75,2,26751336,
2038,75,2,30300631,
2039,75,2,34697344,
2040,75,2,38632217,
2041,75,2,43633737,
2042,75,2,46161292,
2043,75,2,45616119,
2044,75,2,46713630,
2045,75,2,47676932,
2046,75,2,48242592,
2047,75,2,49005373,
2048,75,2,49174786,
2049,75,2,47917159,
2050,75,2,46271453,
2051,75,2,44289531,
2052,75,2,42428944,
2053,75,2,40375263,
2054,75,2,38908172,
2055,75,2,38106664,
2056,75,2,37422097,
2057,75,2,39663234,
2058,75,2,40579128,
2059,75,2,41064165,
2060,75,2,41511639,
2061,75,2,43244644,
2062,75,2,44405571,
2063,75,2,46265654,
2064,75,2,49381459,
2065,75,2,53936309,
2066,75,2,53818867,
2067,75,2,51591901,
2068,75,2,49722216,
2069,75,2,46861133,
2070,75,2,42565047,
2071,75,2,41364464,
2072,75,2,40140233,
2073,75,2,38856817,
2074,75,2,37308728,
2075,75,2,35622937,
2076,75,2,34096945,
2077,75,2,32863292,
2078,75,2,31831604,
2079,75,2,31095630,
2080,75,2,30733223,
2081,75,2,30610567,
2082,75,2,30774649,
2083,75,2,31302311,
2084,75,2,31935037,
2085,75,2,32482403,
2086,75,2,32990474,
2087,75,2,33683833,
2088,75,2,34023547,
2089,75,2,34094553,
2090,75,2,33877746,
2091,75,2,33924659,
2092,75,2,34307674,
2093,75,2,34241257,
2094,75,2,33856936,
2095,75,2,33139870,
2096,75,2,32258892,
2097,75,2,31157967,
2098,75,2,30315349,
2099,75,2,30046680,
2100,75,2,30318004,
1990,80,2,3358736,
1991,80,2,3394159,
1992,80,2,3465623,
1993,80,2,3562737,
1994,80,2,3756101,
1995,80,2,3883808,
1996,80,2,4076348,
1997,80,2,4274141,
1998,80,2,4461733,
1999,80,2,4589852,
2000,80,2,4900432,
2001,80,2,5145677,
2002,80,2,5390776,
2003,80,2,5594850,
2004,80,2,5932906,
2005,80,2,6235911,
2006,80,2,6411184,
2007,80,2,6581704,
2008,80,2,6938915,
2009,80,2,7135094,
2010,80,2,7426817,
2011,80,2,7728477,
2012,80,2,8068339,
2013,80,2,8470770,
2014,80,2,8934332,
2015,80,2,9297472,
2016,80,2,9740634,
2017,80,2,10092580,
2018,80,2,10309976,
2019,80,2,10418560,
2020,80,2,10599157,
2021,80,2,10792641,
2022,80,2,11029702,
2023,80,2,11181572,
2024,80,2,11537410,
2025,80,2,11989976,
2026,80,2,12554820,
2027,80,2,13308928,
2028,80,2,14212874,
2029,80,2,15170884,
2030,80,2,16653439,
2031,80,2,17783642,
2032,80,2,19417840,
2033,80,2,21006061,
2034,80,2,22732337,
2035,80,2,24176578,
2036,80,2,25171145,
2037,80,2,25780590,
2038,80,2,26445041,
2039,80,2,25343084,
2040,80,2,24122042,
2041,80,2,22491308,
2042,80,2,22242312,
2043,80,2,25549005,
2044,80,2,29391818,
2045,80,2,32775058,
2046,80,2,36967360,
2047,80,2,39057999,
2048,80,2,38752270,
2049,80,2,39866010,
2050,80,2,40819494,
2051,80,2,41428388,
2052,80,2,42135752,
2053,80,2,42359811,
2054,80,2,41389752,
2055,80,2,40055297,
2056,80,2,38427242,
2057,80,2,36887787,
2058,80,2,35198205,
2059,80,2,34033625,
2060,80,2,33434111,
2061,80,2,32913985,
2062,80,2,35039450,
2063,80,2,35912492,
2064,80,2,36394538,
2065,80,2,36835006,
2066,80,2,38429805,
2067,80,2,39650535,
2068,80,2,41401124,
2069,80,2,44274019,
2070,80,2,48439705,
2071,80,2,48299471,
2072,80,2,46322817,
2073,80,2,44661906,
2074,80,2,42165901,
2075,80,2,38449875,
2076,80,2,37428445,
2077,80,2,36367310,
2078,80,2,35247408,
2079,80,2,33890218,
2080,80,2,32409791,
2081,80,2,31070938,
2082,80,2,29992218,
2083,80,2,29096307,
2084,80,2,28469627,
2085,80,2,28184109,
2086,80,2,28114076,
2087,80,2,28305373,
2088,80,2,28832210,
2089,80,2,29452792,
2090,80,2,29991708,
2091,80,2,30489352,
2092,80,2,31164144,
2093,80,2,31511574,
2094,80,2,31606446,
2095,80,2,31427937,
2096,80,2,31500590,
2097,80,2,31906738,
2098,80,2,31877359,
2099,80,2,31537833,
2100,80,2,30871464,
1990,85,2,1301798,
1991,85,2,1354417,
1992,85,2,1391169,
1993,85,2,1441019,
1994,85,2,1507459,
1995,85,2,1595889,
1996,85,2,1650641,
1997,85,2,1723109,
1998,85,2,1812024,
1999,85,2,1958092,
2000,85,2,2068792,
2001,85,2,2208111,
2002,85,2,2340075,
2003,85,2,2457785,
2004,85,2,2538334,
2005,85,2,2718962,
2006,85,2,2857195,
2007,85,2,2994091,
2008,85,2,3104601,
2009,85,2,3295152,
2010,85,2,3472755,
2011,85,2,3571405,
2012,85,2,3680856,
2013,85,2,3915436,
2014,85,2,4070614,
2015,85,2,4304687,
2016,85,2,4536965,
2017,85,2,4795876,
2018,85,2,5111834,
2019,85,2,5455600,
2020,85,2,5729528,
2021,85,2,6029571,
2022,85,2,6257169,
2023,85,2,6414044,
2024,85,2,6521224,
2025,85,2,6697257,
2026,85,2,6898329,
2027,85,2,7136824,
2028,85,2,7313492,
2029,85,2,7615197,
2030,85,2,7986087,
2031,85,2,8440131,
2032,85,2,9028870,
2033,85,2,9710637,
2034,85,2,10435287,
2035,85,2,11552905,
2036,85,2,12405903,
2037,85,2,13647947,
2038,85,2,14847429,
2039,85,2,16151973,
2040,85,2,17288144,
2041,85,2,18048889,
2042,85,2,18577411,
2043,85,2,19156265,
2044,85,2,18393100,
2045,85,2,17588596,
2046,85,2,16435761,
2047,85,2,16416234,
2048,85,2,19220060,
2049,85,2,22253020,
2050,85,2,24873352,
2051,85,2,28022110,
2052,85,2,29574538,
2053,85,2,29515343,
2054,85,2,30564327,
2055,85,2,31443395,
2056,85,2,32053095,
2057,85,2,32668322,
2058,85,2,32938779,
2059,85,2,32316339,
2060,85,2,31378129,
2061,85,2,30206982,
2062,85,2,29087966,
2063,85,2,27869253,
2064,85,2,27081106,
2065,85,2,26724031,
2066,85,2,26404809,
2067,85,2,28292333,
2068,85,2,29075891,
2069,85,2,29532833,
2070,85,2,29948231,
2071,85,2,31321154,
2072,85,2,32541112,
2073,85,2,34088078,
2074,85,2,36560336,
2075,85,2,40106688,
2076,85,2,39957290,
2077,85,2,38355230,
2078,85,2,37010646,
2079,85,2,35038754,
2080,85,2,32133893,
2081,85,2,31361435,
2082,85,2,30533817,
2083,85,2,29650832,
2084,85,2,28571400,
2085,85,2,27389943,
2086,85,2,26323303,
2087,85,2,25469392,
2088,85,2,24768834,
2089,85,2,24296194,
2090,85,2,24113789,
2091,85,2,24110398,
2092,85,2,24328865,
2093,85,2,24837557,
2094,85,2,25423408,
2095,85,2,25935173,
2096,85,2,26405197,
2097,85,2,27036689,
2098,85,2,27383901,
2099,85,2,27506903,
2100,85,2,27383554,
1990,90,2,257082,
1991,90,2,284097,
1992,90,2,313148,
1993,90,2,343711,
1994,90,2,379345,
1995,90,2,415119,
1996,90,2,453821,
1997,90,2,487151,
1998,90,2,527235,
1999,90,2,576104,
2000,90,2,636551,
2001,90,2,679742,
2002,90,2,724056,
2003,90,2,770138,
2004,90,2,837339,
2005,90,2,880384,
2006,90,2,930630,
2007,90,2,976108,
2008,90,2,1014596,
2009,90,2,1039167,
2010,90,2,1107688,
2011,90,2,1157379,
2012,90,2,1212159,
2013,90,2,1260229,
2014,90,2,1351943,
2015,90,2,1449275,
2016,90,2,1509509,
2017,90,2,1578688,
2018,90,2,1711326,
2019,90,2,1812130,
2020,90,2,1955911,
2021,90,2,2083674,
2022,90,2,2217524,
2023,90,2,2388876,
2024,90,2,2576652,
2025,90,2,2741320,
2026,90,2,2924213,
2027,90,2,3078486,
2028,90,2,3205749,
2029,90,2,3299489,
2030,90,2,3431013,
2031,90,2,3580773,
2032,90,2,3749615,
2033,90,2,3881535,
2034,90,2,4084059,
2035,90,2,4332619,
2036,90,2,4633212,
2037,90,2,5014889,
2038,90,2,5442390,
2039,90,2,5899926,
2040,90,2,6608844,
2041,90,2,7147740,
2042,90,2,7944789,
2043,90,2,8707480,
2044,90,2,9539222,
2045,90,2,10298644,
2046,90,2,10786244,
2047,90,2,11176041,
2048,90,2,11607793,
2049,90,2,11165188,
2050,90,2,10744111,
2051,90,2,10065517,
2052,90,2,10205851,
2053,90,2,12296696,
2054,90,2,14358066,
2055,90,2,16086913,
2056,90,2,18080153,
2057,90,2,19038969,
2058,90,2,19160470,
2059,90,2,20032790,
2060,90,2,20743979,
2061,90,2,21273226,
2062,90,2,21736160,
2063,90,2,22003702,
2064,90,2,21711474,
2065,90,2,21175575,
2066,90,2,20482005,
2067,90,2,19808540,
2068,90,2,19089915,
2069,90,2,18685358,
2070,90,2,18559605,
2071,90,2,18432618,
2072,90,2,19947281,
2073,90,2,20573152,
2074,90,2,20957362,
2075,90,2,21305639,
2076,90,2,22362214,
2077,90,2,23482778,
2078,90,2,24711200,
2079,90,2,26614001,
2080,90,2,29308229,
2081,90,2,29138267,
2082,90,2,27992053,
2083,90,2,27035769,
2084,90,2,25701854,
2085,90,2,23779922,
2086,90,2,23295140,
2087,90,2,22744063,
2088,90,2,22146340,
2089,90,2,21407305,
2090,90,2,20595495,
2091,90,2,19865520,
2092,90,2,19288055,
2093,90,2,18825633,
2094,90,2,18536001,
2095,90,2,18467632,
2096,90,2,18530018,
2097,90,2,18760647,
2098,90,2,19218084,
2099,90,2,19730526,
2100,90,2,20180641,
1990,95,2,43302,
1991,95,2,39923,
1992,95,2,38722,
1993,95,2,39788,
1994,95,2,41188,
1995,95,2,48143,
1996,95,2,57983,
1997,95,2,68691,
1998,95,2,80490,
1999,95,2,94435,
2000,95,2,109912,
2001,95,2,126614,
2002,95,2,140070,
2003,95,2,153894,
2004,95,2,168408,
2005,95,2,184106,
2006,95,2,192299,
2007,95,2,200441,
2008,95,2,209071,
2009,95,2,224095,
2010,95,2,230935,
2011,95,2,240028,
2012,95,2,249724,
2013,95,2,259676,
2014,95,2,268792,
2015,95,2,293096,
2016,95,2,312785,
2017,95,2,334685,
2018,95,2,355082,
2019,95,2,391036,
2020,95,2,430464,
2021,95,2,454330,
2022,95,2,479766,
2023,95,2,527216,
2024,95,2,566508,
2025,95,2,625042,
2026,95,2,677719,
2027,95,2,736688,
2028,95,2,814686,
2029,95,2,895016,
2030,95,2,967395,
2031,95,2,1046702,
2032,95,2,1115707,
2033,95,2,1178429,
2034,95,2,1228548,
2035,95,2,1296594,
2036,95,2,1374433,
2037,95,2,1460147,
2038,95,2,1529740,
2039,95,2,1630790,
2040,95,2,1755651,
2041,95,2,1905790,
2042,95,2,2093675,
2043,95,2,2298217,
2044,95,2,2519427,
2045,95,2,2866087,
2046,95,2,3127219,
2047,95,2,3523174,
2048,95,2,3898211,
2049,95,2,4309986,
2050,95,2,4705018,
2051,95,2,4946533,
2052,95,2,5169846,
2053,95,2,5421356,
2054,95,2,5221386,
2055,95,2,5065311,
2056,95,2,4759193,
2057,95,2,4930207,
2058,95,2,6179545,
2059,95,2,7287778,
2060,95,2,8180722,
2061,95,2,9163336,
2062,95,2,9618248,
2063,95,2,9789975,
2064,95,2,10371825,
2065,95,2,10831498,
2066,95,2,11192831,
2067,95,2,11470462,
2068,95,2,11673554,
2069,95,2,11605906,
2070,95,2,11384363,
2071,95,2,11079605,
2072,95,2,10776665,
2073,95,2,10468811,
2074,95,2,10350773,
2075,95,2,10373204,
2076,95,2,10372678,
2077,95,2,11388615,
2078,95,2,11796663,
2079,95,2,12058570,
2080,95,2,12297523,
2081,95,2,12975615,
2082,95,2,13837695,
2083,95,2,14647524,
2084,95,2,15864254,
2085,95,2,17565025,
2086,95,2,17390491,
2087,95,2,16713536,
2088,95,2,16160230,
2089,95,2,15457051,
2090,95,2,14484461,
2091,95,2,14261385,
2092,95,2,13975260,
2093,95,2,13657477,
2094,95,2,13258906,
2095,95,2,12819682,
2096,95,2,12428326,
2097,95,2,12126084,
2098,95,2,11896269,
2099,95,2,11776329,
2100,95,2,11797806,
1990,100,2,5126,
1991,100,2,4962,
1992,100,2,4727,
1993,100,2,4384,
1994,100,2,4259,
1995,100,2,4357,
1996,100,2,4512,
1997,100,2,4873,
1998,100,2,5510,
1999,100,2,6229,
2000,100,2,8011,
2001,100,2,10367,
2002,100,2,12772,
2003,100,2,15184,
2004,100,2,17657,
2005,100,2,20130,
2006,100,2,22519,
2007,100,2,24075,
2008,100,2,25604,
2009,100,2,27148,
2010,100,2,28763,
2011,100,2,29114,
2012,100,2,29831,
2013,100,2,31089,
2014,100,2,33874,
2015,100,2,35649,
2016,100,2,37977,
2017,100,2,40567,
2018,100,2,43427,
2019,100,2,46584,
2020,100,2,52588,
2021,100,2,57374,
2022,100,2,62290,
2023,100,2,66758,
2024,100,2,74849,
2025,100,2,84554,
2026,100,2,91033,
2027,100,2,98790,
2028,100,2,111993,
2029,100,2,123459,
2030,100,2,139888,
2031,100,2,153952,
2032,100,2,170107,
2033,100,2,192801,
2034,100,2,215477,
2035,100,2,237407,
2036,100,2,260896,
2037,100,2,282396,
2038,100,2,304654,
2039,100,2,323996,
2040,100,2,349274,
2041,100,2,378302,
2042,100,2,409256,
2043,100,2,435602,
2044,100,2,471398,
2045,100,2,516473,
2046,100,2,570410,
2047,100,2,636540,
2048,100,2,705327,
2049,100,2,782008,
2050,100,2,903713,
2051,100,2,995740,
2052,100,2,1139579,
2053,100,2,1274035,
2054,100,2,1423647,
2055,100,2,1583355,
2056,100,2,1676228,
2057,100,2,1788369,
2058,100,2,1912837,
2059,100,2,1876161,
2060,100,2,1878100,
2061,100,2,1806101,
2062,100,2,1941497,
2063,100,2,2501398,
2064,100,2,2895285,
2065,100,2,3193463,
2066,100,2,3486321,
2067,100,2,3642169,
2068,100,2,3881440,
2069,100,2,4243661,
2070,100,2,4513864,
2071,100,2,4746500,
2072,100,2,4889857,
2073,100,2,5049100,
2074,100,2,5157963,
2075,100,2,5175850,
2076,100,2,5159847,
2077,100,2,5121048,
2078,100,2,5101227,
2079,100,2,5154324,
2080,100,2,5227359,
2081,100,2,5266187,
2082,100,2,5765541,
2083,100,2,5940678,
2084,100,2,6073972,
2085,100,2,6206345,
2086,100,2,6534307,
2087,100,2,7170281,
2088,100,2,7594283,
2089,100,2,8183503,
2090,100,2,8983848,
2091,100,2,8908936,
2092,100,2,8799446,
2093,100,2,8706010,
2094,100,2,8670203,
2095,100,2,8653938,
2096,100,2,8594651,
2097,100,2,8480386,
2098,100,2,8358227,
2099,100,2,8226725,
2100,100,2,8089401,